City_ID,City,Country,Date,Lat,Lng,Max Temp,Humidity,Cloudiness,Wind Speed
0,Kahului,US,2022-05-09 20:10:47,20.8947,-156.47,82.42,44,20,13.0
1,Nome,US,2022-05-09 20:06:51,64.5011,-165.4064,32.16,74,40,16.11
2,Esperance,AU,2022-05-09 20:10:47,-33.8667,121.9,61.56,44,10,14.47
3,Zhigansk,RU,2022-05-09 20:10:48,66.7697,123.3711,7.7,92,12,8.03
4,Bambous Virieux,MU,2022-05-09 20:06:45,-20.3428,57.7575,74.21,94,40,1.14
5,Kota Kinabalu,MY,2022-05-09 20:10:48,5.9749,116.0724,75.18,100,20,3.44
6,Codrington,AU,2022-05-09 20:10:49,-38.2667,141.9667,44.67,82,8,5.88
7,Barrow,US,2022-05-09 20:10:49,71.2906,-156.7887,30.22,93,100,8.05
8,Punta Arenas,CL,2022-05-09 20:10:50,-53.15,-70.9167,48.22,76,20,26.46
9,Carnarvon,AU,2022-05-09 20:10:50,-24.8667,113.6333,66.27,68,97,8.05
10,Faanui,PF,2022-05-09 20:06:54,-16.4833,-151.75,81.82,73,1,14.7
11,Cape Town,ZA,2022-05-09 20:10:51,-33.9258,18.4232,55.35,87,75,1.99
12,Avarua,CK,2022-05-09 20:10:51,-21.2078,-159.775,80.76,79,100,11.99
13,Ribeira Grande,PT,2022-05-09 20:10:51,38.5167,-28.7,66.6,77,20,3.44
14,Sandpoint,US,2022-05-09 20:10:16,48.2766,-116.5533,49.86,75,100,8.05
15,Hithadhoo,MV,2022-05-09 20:10:52,-0.6,73.0833,84.6,77,65,20.47
16,Lorengau,PG,2022-05-09 20:10:53,-2.0226,147.2712,83.75,69,97,13.69
17,Vaini,TO,2022-05-09 20:10:53,-21.2,-175.2,71.76,68,20,6.91
18,Arraial Do Cabo,BR,2022-05-09 20:10:53,-22.9661,-42.0278,75.06,60,20,6.91
19,Young,UY,2022-05-09 20:10:54,-32.6833,-57.6333,67.44,69,100,3.89
20,Mount Isa,AU,2022-05-09 20:08:41,-20.7333,139.5,65.97,100,75,6.91
21,Watsa,CD,2022-05-09 20:10:54,3.0372,29.5355,64.63,98,100,1.99
22,Verkhnyaya Khava,RU,2022-05-09 20:10:55,51.8404,39.9413,42.87,79,2,8.5
23,Rikitea,PF,2022-05-09 20:10:55,-23.1203,-134.9692,76.08,67,17,10.76
24,Bluff,NZ,2022-05-09 20:10:56,-46.6,168.3333,48.79,72,69,7.61
25,Sesheke,ZM,2022-05-09 20:10:56,-17.4759,24.2968,65.61,37,0,3.8
26,Bandarbeyla,SO,2022-05-09 20:10:57,9.4942,50.8122,83.1,85,83,4.5
27,Jamestown,US,2022-05-09 20:08:43,42.097,-79.2353,75.52,19,0,4.61
28,Tuktoyaktuk,CA,2022-05-09 20:10:57,69.4541,-133.0374,35.98,83,100,13.82
29,Kapaa,US,2022-05-09 20:10:07,22.0752,-159.319,80.58,77,40,18.41
30,Cam Ranh,VN,2022-05-09 20:10:58,11.9214,109.1591,78.76,89,20,2.3
31,Khromtau,KZ,2022-05-09 20:10:58,50.2503,58.4347,52.02,92,100,19.86
32,Narsaq,GL,2022-05-09 20:10:59,60.9167,-46.05,53.82,77,6,5.75
33,Tayoltita,MX,2022-05-09 20:10:59,24.0833,-105.9333,94.41,16,5,9.19
34,Bredasdorp,ZA,2022-05-09 20:11:00,-34.5322,20.0403,54.03,82,51,4.45
35,Athabasca,CA,2022-05-09 20:11:00,54.7169,-113.2854,41.2,60,100,10.18
36,Morgan City,US,2022-05-09 20:11:00,29.6994,-91.2068,89.01,47,0,10.36
37,Grindavik,IS,2022-05-09 20:11:01,63.8424,-22.4338,48.67,76,20,12.66
38,Ouesso,CG,2022-05-09 20:11:01,1.6136,16.0517,73.49,88,100,2.37
39,New Norfolk,AU,2022-05-09 20:06:49,-42.7826,147.0587,44.71,82,59,3.31
40,Ngaoundere,CM,2022-05-09 20:11:02,7.3167,13.5833,66.76,91,100,3.94
41,Emerald,AU,2022-05-09 20:11:02,-23.5333,148.1667,65.34,90,100,10.45
42,Khorramshahr,IR,2022-05-09 20:11:03,30.4397,48.1664,81.05,16,0,10.16
43,Hermanus,ZA,2022-05-09 20:08:14,-34.4187,19.2345,58.51,74,52,6.85
44,Baiyin,CN,2022-05-09 20:11:03,36.5583,104.2081,60.71,38,100,3.44
45,Homer,US,2022-05-09 20:11:04,59.6425,-151.5483,46.29,60,0,18.99
46,Atuona,PF,2022-05-09 20:11:04,-9.8,-139.0333,78.89,78,12,15.82
47,Pafos,CY,2022-05-09 20:12:05,34.7667,32.4167,62.38,82,0,3.44
48,Port Alfred,ZA,2022-05-09 20:12:05,-33.5906,26.891,62.65,77,15,3.85
49,Kaeo,NZ,2022-05-09 20:12:06,-35.1,173.7833,54.32,96,18,4.52
50,Hobart,AU,2022-05-09 20:12:07,-42.8794,147.3294,45.05,90,0,9.22
51,Sao Joao Da Barra,BR,2022-05-09 20:12:07,-21.6403,-41.0511,75.29,58,32,14.07
52,Pindi Gheb,PK,2022-05-09 20:12:07,33.2402,72.2661,88.52,21,5,6.04
53,Ushuaia,AR,2022-05-09 20:12:08,-54.8,-68.3,44.22,81,20,19.57
54,Nikolskoye,RU,2022-05-09 20:12:08,59.7035,30.7861,40.91,78,9,4.5
55,Camabatela,AO,2022-05-09 20:12:09,-8.1881,15.375,67.06,78,25,3.4
56,Hilo,US,2022-05-09 20:10:55,19.7297,-155.09,82.27,68,20,8.99
57,Bageshwar,IN,2022-05-09 20:12:09,29.85,79.7667,66.0,63,11,2.84
58,Puerto Ayora,EC,2022-05-09 20:12:10,-0.7393,-90.3518,80.56,76,72,8.28
59,Oussouye,SN,2022-05-09 20:12:10,12.485,-16.5469,76.48,65,49,11.32
60,Wanning,CN,2022-05-09 20:12:11,18.8003,110.3967,77.04,94,77,5.26
61,Pangnirtung,CA,2022-05-09 20:12:11,66.1451,-65.7125,30.34,81,98,6.22
62,Buraydah,SA,2022-05-09 20:12:12,26.326,43.975,81.63,12,49,9.82
63,East London,ZA,2022-05-09 20:12:12,-33.0153,27.9116,63.03,76,7,5.28
64,Busselton,AU,2022-05-09 20:12:13,-33.65,115.3333,55.35,88,6,2.73
65,Carbondale,US,2022-05-09 20:11:44,37.7273,-89.2168,84.06,61,40,18.41
66,Albany,US,2022-05-09 20:10:20,42.6001,-73.9662,73.33,19,0,1.01
67,Castro,BR,2022-05-09 20:12:13,-24.7911,-50.0119,64.38,77,80,4.94
68,Lagoa,PT,2022-05-09 20:10:59,39.05,-27.9833,63.72,76,57,4.18
69,Lusambo,CD,2022-05-09 20:12:14,-4.9667,23.45,73.2,85,50,1.01
70,Juneau,US,2022-05-09 20:12:14,58.3019,-134.4197,59.0,97,0,9.22
71,Diego De Almagro,CL,2022-05-09 20:12:15,-26.3667,-70.05,79.48,15,0,10.09
72,Richards Bay,ZA,2022-05-09 20:12:15,-28.783,32.0377,63.77,87,2,6.96
73,Butaritari,KI,2022-05-09 20:12:16,3.0707,172.7902,81.39,73,16,19.26
74,Tarakan,ID,2022-05-09 20:12:16,3.3,117.6333,77.54,90,100,9.33
75,Mountain Home,US,2022-05-09 20:12:17,43.133,-115.6912,44.08,45,100,16.11
76,Mataura,NZ,2022-05-09 20:12:17,-46.1927,168.8643,48.47,96,97,1.54
77,Valente,BR,2022-05-09 20:12:18,-11.4122,-39.4619,75.88,71,96,12.64
78,Turtas,RU,2022-05-09 20:12:18,58.9417,69.1325,50.32,57,61,4.41
79,Bethel,US,2022-05-09 20:12:18,41.3712,-73.414,71.64,25,0,13.8
80,Klaksvik,FO,2022-05-09 20:08:14,62.2266,-6.589,47.32,98,100,13.47
81,Flinders,AU,2022-05-09 20:12:19,-34.5833,150.8552,59.18,94,92,3.0
82,Kirensk,RU,2022-05-09 20:12:20,57.7853,108.1119,28.74,94,100,3.91
83,Boyuibe,BO,2022-05-09 20:12:20,-20.4167,-63.2833,65.01,82,100,6.91
84,Salym,RU,2022-05-09 20:12:20,60.0625,71.4789,47.19,77,21,5.59
85,Bathsheba,BB,2022-05-09 20:12:21,13.2167,-59.5167,84.81,70,20,13.8
86,Kodiak,US,2022-05-09 20:12:21,57.79,-152.4072,45.91,46,40,14.97
87,Saskylakh,RU,2022-05-09 20:12:22,71.9167,114.0833,19.87,96,100,7.23
88,Kramat,ID,2022-05-09 20:12:22,-8.1311,113.4499,75.29,95,63,1.77
89,Fortuna,US,2022-05-09 20:13:23,40.5982,-124.1573,53.98,82,75,5.75
90,Komsomolskiy,UZ,2022-05-09 20:13:24,40.4272,71.7189,77.13,40,99,4.94
91,Bad Sachsa,DE,2022-05-09 20:13:24,51.595,10.5555,56.91,74,4,3.11
92,Severo-Kurilsk,RU,2022-05-09 20:08:58,50.6789,156.125,37.74,84,100,15.41
93,Fairbanks,US,2022-05-09 20:11:02,64.8378,-147.7164,41.22,88,100,12.66
94,Faya,SA,2022-05-09 20:13:25,18.3851,42.4509,68.52,58,57,4.63
95,Ostrovnoy,RU,2022-05-09 20:13:25,68.0531,39.5131,31.86,78,9,15.59
96,Muros,ES,2022-05-09 20:13:26,42.7762,-9.0603,63.09,81,100,7.34
97,Ulaangom,MN,2022-05-09 20:13:26,49.9811,92.0667,37.0,34,1,2.17
98,Thompson,CA,2022-05-09 20:09:20,55.7435,-97.8558,63.48,54,62,7.92
99,Kruisfontein,ZA,2022-05-09 20:13:27,-34.0033,24.7314,53.89,72,13,5.41
100,Anadyr,RU,2022-05-09 20:13:27,64.75,177.4833,24.62,84,5,10.09
101,Barrhead,GB,2022-05-09 20:13:28,55.7992,-4.3929,55.85,87,75,21.85
102,Naze,JP,2022-05-09 20:13:28,28.3667,129.4833,69.62,90,98,3.33
103,Preobrazheniye,RU,2022-05-09 20:12:16,42.9019,133.9064,48.83,47,0,7.99
104,Lamont,US,2022-05-09 20:13:29,35.2597,-118.9143,61.54,40,10,7.61
105,Yellowknife,CA,2022-05-09 20:10:20,62.456,-114.3525,24.57,62,100,21.0
106,Ponta Do Sol,PT,2022-05-09 20:13:29,32.6667,-17.1,74.03,42,36,6.91
107,Bereznik,RU,2022-05-09 20:13:30,62.8551,42.7072,32.34,81,0,2.37
108,Mar Del Plata,AR,2022-05-09 20:13:30,-38.0023,-57.5575,55.94,80,75,12.66
109,Zhezkazgan,KZ,2022-05-09 20:13:30,47.8043,67.7144,64.87,24,100,17.9
110,Pacific Grove,US,2022-05-09 20:13:31,36.6177,-121.9166,60.91,54,0,14.97
111,Deputatskiy,RU,2022-05-09 20:13:31,69.3,139.9,11.41,88,99,8.63
112,Kpandu,GH,2022-05-09 20:13:32,6.9954,0.2931,80.19,77,99,4.52
113,Paamiut,GL,2022-05-09 20:13:33,61.994,-49.6678,32.77,83,12,14.47
114,Mamou,GN,2022-05-09 20:13:33,10.5,-12.0,75.51,81,58,2.73
115,Cairns,AU,2022-05-09 20:12:09,-16.9167,145.7667,77.07,97,75,6.91
116,Baruun-Urt,MN,2022-05-09 20:13:34,46.6806,113.2792,35.51,37,100,10.6
117,Anito,PH,2022-05-09 20:13:34,12.4497,125.2886,78.33,89,100,7.83
118,Assiniboia,CA,2022-05-09 20:13:35,49.6334,-105.9845,50.7,62,100,0.83
119,Jasdan,IN,2022-05-09 20:13:35,22.0333,71.2,84.42,55,36,17.43
120,Qaanaaq,GL,2022-05-09 20:13:35,77.484,-69.3632,21.83,78,55,1.3
121,Khatanga,RU,2022-05-09 20:13:36,71.9667,102.5,32.5,98,100,16.58
122,Astara,AZ,2022-05-09 20:13:36,38.5,48.6667,50.7,95,100,0.31
123,Kihei,US,2022-05-09 20:13:37,20.785,-156.4656,82.42,75,20,6.91
124,Tyrma,RU,2022-05-09 20:12:14,50.0833,132.1667,42.51,71,29,2.1
125,Lokosovo,RU,2022-05-09 20:13:37,61.1333,74.8167,45.64,82,17,6.4
126,Vuktyl,RU,2022-05-09 20:13:38,63.8567,57.3094,38.98,84,100,6.64
127,Katsuura,JP,2022-05-09 20:13:38,35.1333,140.3,56.7,88,100,16.75
128,Maniitsoq,GL,2022-05-09 20:09:27,65.4167,-52.9,30.94,94,100,15.97
129,Antalaha,MG,2022-05-09 20:13:39,-14.9003,50.2788,73.94,90,19,4.07
130,Havoysund,NO,2022-05-09 20:13:39,70.9963,24.6622,34.03,88,99,3.65
131,Riyadh,SA,2022-05-09 20:13:40,24.6877,46.7219,80.74,15,0,9.24
132,Nazca,PE,2022-05-09 20:13:40,-14.8333,-74.95,80.4,37,33,6.76
133,Saldanha,ZA,2022-05-09 20:11:04,-33.0117,17.9442,56.68,82,70,6.93
134,Jalu,LY,2022-05-09 20:13:41,29.0331,21.5482,71.46,38,2,16.31
135,Papagaios,BR,2022-05-09 20:13:41,-19.4492,-44.7478,75.87,44,74,6.82
136,San Patricio,US,2022-05-09 20:14:41,28.017,-97.5169,91.26,54,0,21.45
137,Te Anau,NZ,2022-05-09 20:14:42,-45.4167,167.7167,41.97,94,16,2.24
138,Tomaszow Lubelski,PL,2022-05-09 20:14:42,50.4477,23.4162,46.15,71,14,8.3
139,Umea,SE,2022-05-09 20:14:43,63.8284,20.2597,40.93,87,0,4.61
140,Warrington,GB,2022-05-09 20:14:43,53.3925,-2.5802,61.86,70,0,18.41
141,Ancud,CL,2022-05-09 20:14:44,-41.8697,-73.8203,51.69,68,82,2.46
142,Iquitos,PE,2022-05-09 20:14:44,-3.7481,-73.2472,80.64,83,75,4.61
143,Hasaki,JP,2022-05-09 20:14:45,35.7333,140.8333,54.0,81,100,17.63
144,Sofiyivka,UA,2022-05-09 20:14:45,48.0493,33.8746,48.79,69,13,11.86
145,Bahia Honda,CU,2022-05-09 20:14:46,22.9036,-83.1592,81.86,72,51,10.16
146,Longyearbyen,SJ,2022-05-09 20:14:46,78.2186,15.6401,17.44,62,40,12.66
147,Airai,TL,2022-05-09 20:14:47,-8.9266,125.4092,57.36,75,97,2.39
148,High Rock,BS,2022-05-09 20:14:47,26.6208,-78.2833,78.82,68,63,16.22
149,Lompoc,US,2022-05-09 20:13:47,34.6391,-120.4579,71.56,50,0,23.02
150,Carnoustie,GB,2022-05-09 20:14:47,56.5014,-2.7091,57.25,82,75,20.71
151,Masallatah,LY,2022-05-09 20:14:48,32.6167,14.0,60.37,81,5,3.94
152,Portland,US,2022-05-09 20:10:20,45.5234,-122.6762,55.98,63,75,5.99
153,Shirgaon,IN,2022-05-09 20:14:48,19.7,72.7,83.01,78,45,10.74
154,Nelson Bay,AU,2022-05-09 20:14:49,-32.7167,152.15,60.01,96,84,1.03
155,Half Moon Bay,US,2022-05-09 20:14:49,37.4636,-122.4286,63.41,52,0,17.27
156,Tiksi,RU,2022-05-09 20:14:50,71.6872,128.8694,8.74,91,47,10.6
157,Huaiyin,CN,2022-05-09 20:14:50,33.5886,119.0192,54.01,87,100,5.08
158,Fernley,US,2022-05-09 20:12:53,39.608,-119.2518,48.67,38,100,14.0
159,Xining,CN,2022-05-09 20:14:51,36.6167,101.7667,52.45,59,100,3.29
160,Motala,SE,2022-05-09 20:14:51,58.5371,15.0365,53.8,65,49,7.27
161,Pedernales,DO,2022-05-09 20:14:52,18.0384,-71.744,85.93,58,2,4.18
162,Tynda,RU,2022-05-09 20:14:52,55.1667,124.7167,34.68,80,100,3.47
163,Geraldton,AU,2022-05-09 20:13:49,-28.7667,114.6,59.41,94,99,8.05
164,Seryshevo,RU,2022-05-09 20:14:52,51.0933,128.3786,55.99,32,93,18.21
165,Talnakh,RU,2022-05-09 20:14:53,69.4865,88.3972,31.15,97,100,12.48
166,Port Hawkesbury,CA,2022-05-09 20:14:53,45.6169,-61.3485,55.62,54,100,7.56
167,Waingapu,ID,2022-05-09 20:12:28,-9.6567,120.2641,77.0,83,48,8.46
168,Storsteinnes,NO,2022-05-09 20:14:54,69.2408,19.2344,38.05,100,100,3.42
169,Voh,NC,2022-05-09 20:14:54,-20.9667,164.7,71.06,81,76,4.09
170,Nioro,GM,2022-05-09 20:14:55,13.35,-15.75,85.84,39,93,14.41
171,Ust-Ilimsk,RU,2022-05-09 20:14:55,58.0006,102.6619,25.16,70,88,2.08
172,Marataizes,BR,2022-05-09 20:14:56,-21.0433,-40.8244,73.98,63,88,8.81
173,Moshupa,BW,2022-05-09 20:14:56,-24.7782,25.4155,58.82,41,0,5.12
174,Evensk,RU,2022-05-09 20:12:21,61.95,159.2333,31.06,82,100,8.99
175,Vostok,RU,2022-05-09 20:14:57,46.4856,135.8833,40.57,66,2,6.87
176,Bilibino,RU,2022-05-09 20:14:57,68.0546,166.4372,25.36,83,100,3.24
177,Arroyo,ES,2022-05-09 20:14:57,41.6096,-4.7969,68.04,48,0,5.75
178,Najran,SA,2022-05-09 20:14:58,17.4924,44.1277,81.41,19,0,5.39
179,Kenai,US,2022-05-09 20:14:58,60.5544,-151.2583,48.29,42,20,18.41
180,Guerrero Negro,MX,2022-05-09 20:10:49,27.9769,-114.0611,66.69,56,0,21.12
181,Mandalgovi,MN,2022-05-09 20:14:59,45.7625,106.2708,35.96,43,100,10.71
182,Norman Wells,CA,2022-05-09 20:16:00,65.282,-126.8329,42.84,39,20,18.41
183,Chake Chake,TZ,2022-05-09 20:16:00,-5.2459,39.7666,78.6,83,13,10.51
184,Toamasina,MG,2022-05-09 20:16:00,-18.1667,49.3833,73.4,94,20,3.44
185,Port Elizabeth,ZA,2022-05-09 20:11:02,-33.918,25.5701,61.32,89,15,3.0
186,Araouane,ML,2022-05-09 20:16:01,18.9048,-3.5265,85.73,5,0,9.73
187,Acapulco,MX,2022-05-09 20:16:01,16.8634,-99.8901,85.82,66,20,10.36
188,Ahipara,NZ,2022-05-09 20:16:02,-35.1667,173.1667,61.84,82,12,10.6
189,Camana,PE,2022-05-09 20:16:02,-16.6228,-72.7111,68.23,74,67,9.48
190,Port Lincoln,AU,2022-05-09 20:16:03,-34.7333,135.8667,58.57,74,0,5.73
191,Marawi,PH,2022-05-09 20:16:03,7.9986,124.2928,70.2,92,98,0.94
192,Tilichiki,RU,2022-05-09 20:16:04,60.4667,166.1,30.83,86,100,1.5
193,Jaisalmer,IN,2022-05-09 20:14:08,26.9147,70.9181,88.39,28,0,15.97
194,Boa Esperanca,BR,2022-05-09 20:16:05,-21.09,-45.5658,70.43,71,19,3.62
195,Impfondo,CG,2022-05-09 20:16:05,1.6381,18.0667,74.41,86,90,3.87
196,Kununurra,AU,2022-05-09 20:16:05,-15.7667,128.7333,71.58,37,6,5.75
197,Saint Anthony,US,2022-05-09 20:16:06,45.0205,-93.218,76.84,65,100,20.71
198,Betare Oya,CM,2022-05-09 20:16:06,5.6,14.0833,70.61,91,98,1.59
199,Turukhansk,RU,2022-05-09 20:16:07,65.8167,87.9833,31.5,87,99,12.62
200,Oksbol,DK,2022-05-09 20:16:07,55.6268,8.2876,53.91,74,100,8.79
201,Usinsk,RU,2022-05-09 20:16:08,65.9939,57.5281,27.16,93,100,8.19
202,Ketchikan,US,2022-05-09 20:16:08,55.3422,-131.6461,61.27,39,0,11.5
203,Coos Bay,US,2022-05-09 20:15:55,43.3665,-124.2179,50.99,89,100,12.66
204,Katherine,AU,2022-05-09 20:16:09,-14.4667,132.2667,75.52,31,11,10.36
205,Shuyskoye,RU,2022-05-09 20:16:09,59.3736,41.0305,35.85,76,55,6.58
206,Hobyo,SO,2022-05-09 20:16:10,5.3505,48.5268,84.0,69,88,20.85
207,Pierre,US,2022-05-09 20:11:45,44.3683,-100.351,59.86,74,100,26.46
208,Labuhan,ID,2022-05-09 20:16:10,-6.8844,112.2051,80.11,87,100,6.73
209,Touros,BR,2022-05-09 20:16:11,-5.1989,-35.4608,77.94,86,21,14.76
210,Cherskiy,RU,2022-05-09 20:16:11,68.75,161.3,35.02,75,100,21.85
211,Apatity,RU,2022-05-09 20:16:12,67.5641,33.4031,32.67,85,100,6.6
212,Tabat,ID,2022-05-09 20:16:12,-2.635,115.2274,72.36,97,100,1.92
213,Chamalieres,FR,2022-05-09 20:16:13,45.7756,3.0631,61.52,63,0,0.0
214,Teya,RU,2022-05-09 20:16:13,60.3778,92.6267,16.7,98,60,0.63
215,Mahebourg,MU,2022-05-09 20:16:14,-20.4081,57.7,74.25,94,40,1.14
216,Mosquera,CO,2022-05-09 20:16:14,4.7059,-74.2302,64.49,63,40,9.22
217,Phan Thiet,VN,2022-05-09 20:16:15,10.9333,108.1,78.01,88,100,4.61
218,Chinsali,ZM,2022-05-09 20:16:15,-10.5414,32.0816,60.91,77,88,4.81
219,Aborlan,PH,2022-05-09 20:16:16,9.4352,118.5492,79.66,83,98,3.76
220,Tual,ID,2022-05-09 20:16:16,-5.6667,132.75,83.37,79,79,4.23
221,Port Keats,AU,2022-05-09 20:16:17,-14.25,129.55,74.86,41,35,13.09
222,Mount Gambier,AU,2022-05-09 20:16:17,-37.8333,140.7667,43.48,81,16,4.25
223,Otradnyy,RU,2022-05-09 20:16:18,53.376,51.3452,53.74,57,100,13.49
224,Zyryanka,RU,2022-05-09 20:16:18,65.75,150.85,34.59,79,100,4.41
225,Victoria,HK,2022-05-09 20:16:14,22.2855,114.1577,78.39,89,100,8.99
226,Novikovo,RU,2022-05-09 20:16:19,51.1537,37.8879,42.51,61,0,12.26
227,Kurilsk,RU,2022-05-09 20:16:19,45.2333,147.8833,40.64,75,100,8.86
228,Beringovskiy,RU,2022-05-09 20:16:20,63.05,179.3167,33.15,70,3,6.46
229,Ambon,ID,2022-05-09 20:17:20,-3.6954,128.1814,77.14,94,40,3.44
230,Lata,PT,2022-05-09 20:17:21,40.1629,-8.3327,60.93,69,81,3.18
231,Ternate,ID,2022-05-09 20:17:21,0.8,127.4,81.1,82,99,3.62
232,Tam Ky,VN,2022-05-09 20:17:22,15.5667,108.4833,76.5,93,96,2.89
233,Olafsvik,IS,2022-05-09 20:17:22,64.8945,-23.7142,39.67,84,100,19.64
234,Chuy,UY,2022-05-09 20:17:23,-33.6971,-53.4616,65.52,79,92,7.45
235,Kavieng,PG,2022-05-09 20:17:23,-2.5744,150.7967,82.69,78,99,17.18
236,Constitucion,CL,2022-05-09 20:17:24,-35.3333,-72.4167,61.23,78,100,10.58
237,Quatre Cocos,MU,2022-05-09 20:17:24,-20.2078,57.7625,74.08,83,26,8.03
238,Oranjemund,NA,2022-05-09 20:17:25,-28.55,16.4333,55.94,85,53,6.62
239,Newton,US,2022-05-09 20:16:55,42.337,-71.2092,62.65,28,0,20.71
240,Puerto Escondido,MX,2022-05-09 20:17:25,15.85,-97.0667,88.63,70,0,8.05
241,Vahan,AM,2022-05-09 20:17:26,40.5755,45.3977,36.9,94,99,1.25
242,Areosa,PT,2022-05-09 20:17:23,41.7178,-8.8571,60.35,83,79,9.62
243,Sao Filipe,CV,2022-05-09 20:17:26,14.8961,-24.4956,73.11,80,13,8.9
244,Aykhal,RU,2022-05-09 20:17:27,66.0,111.5,5.36,97,78,7.23
245,Souillac,MU,2022-05-09 20:17:27,-20.5167,57.5167,73.78,94,40,1.14
246,Cabo San Lucas,MX,2022-05-09 20:17:28,22.8909,-109.9124,89.62,26,0,6.91
247,Port-Cartier,CA,2022-05-09 20:16:22,50.0334,-66.8654,49.75,67,0,5.03
248,Axim,GH,2022-05-09 20:17:28,4.8699,-2.2405,81.14,79,100,9.75
249,Alofi,NU,2022-05-09 20:17:29,-19.0595,-169.9187,78.69,78,40,9.22
250,Tasiilaq,GL,2022-05-09 20:17:29,65.6145,-37.6368,35.76,62,90,6.4
251,Sisimiut,GL,2022-05-09 20:15:11,66.9395,-53.6735,30.33,96,100,27.13
252,Saint-Augustin,CA,2022-05-09 20:17:30,51.226,-58.6502,52.59,50,17,6.8
253,Isangel,VU,2022-05-09 20:17:31,-19.55,169.2667,76.1,72,100,17.22
254,Alamosa,US,2022-05-09 20:17:31,37.4695,-105.87,69.78,10,0,37.98
255,Coquimbo,CL,2022-05-09 20:13:16,-29.9533,-71.3436,64.13,63,0,11.5
256,Gallup,US,2022-05-09 20:16:15,35.5281,-108.7426,71.44,14,0,34.52
257,Chapais,CA,2022-05-09 20:17:32,49.7834,-74.8492,69.58,38,99,8.21
258,Shimoda,JP,2022-05-09 20:17:32,34.6667,138.95,53.1,87,100,18.48
259,Salalah,OM,2022-05-09 20:17:33,17.0151,54.0924,82.49,78,0,0.0
260,Qaqortoq,GL,2022-05-09 20:17:33,60.7167,-46.0333,37.47,82,14,5.12
261,Berlevag,NO,2022-05-09 20:17:33,70.8578,29.0864,37.2,80,75,2.3
262,Den Helder,NL,2022-05-09 20:17:34,52.9599,4.7593,60.03,61,100,3.44
263,Albacete,ES,2022-05-09 20:17:34,38.8333,-2.0,63.19,55,0,8.05
264,Namatanai,PG,2022-05-09 20:17:35,-3.6667,152.4333,80.67,80,86,11.95
265,Kavaratti,IN,2022-05-09 20:17:35,10.5669,72.642,85.41,71,100,17.65
266,Palmer,US,2022-05-09 20:17:36,42.1584,-72.3287,69.4,14,20,23.02
267,Igboho,NG,2022-05-09 20:17:36,8.8333,3.75,78.26,75,67,0.96
268,Torbay,CA,2022-05-09 20:17:36,47.6666,-52.7314,44.89,47,20,6.91
269,Luderitz,NA,2022-05-09 20:17:37,-26.6481,15.1594,61.47,55,9,7.61
270,Atar,MR,2022-05-09 20:17:37,20.5169,-13.0499,97.9,14,100,17.69
271,Korla,CN,2022-05-09 20:17:38,41.7597,86.1469,72.97,33,1,6.26
272,Scottsbluff,US,2022-05-09 20:17:38,41.8666,-103.6672,64.63,32,0,28.77
273,Saint-Philippe,RE,2022-05-09 20:17:39,-21.3585,55.7679,71.19,83,18,5.28
274,Dikson,RU,2022-05-09 20:17:39,73.5069,80.5464,6.19,99,28,7.78
275,Gazanjyk,TM,2022-05-09 20:18:40,39.2446,55.5154,63.36,48,2,6.51
276,Lamesa,US,2022-05-09 20:17:35,32.7376,-101.951,95.52,8,0,22.37
277,Ghanzi,BW,2022-05-09 20:18:40,-21.5667,21.7833,59.29,23,0,6.15
278,Cururupu,BR,2022-05-09 20:18:41,-1.8283,-44.8683,74.91,96,100,2.37
279,Uporovo,RU,2022-05-09 20:18:41,56.3109,66.2693,53.08,37,100,8.75
280,West Wendover,US,2022-05-09 20:18:41,40.7391,-114.0733,46.29,18,100,14.16
281,Uige,AO,2022-05-09 20:18:42,-7.6087,15.0613,72.46,78,46,2.37
282,Zonguldak,TR,2022-05-09 20:18:42,41.25,31.8333,39.63,95,1,2.53
283,Mahajanga,MG,2022-05-09 20:18:43,-15.7167,46.3167,80.62,78,20,5.75
284,Montebello,US,2022-05-09 20:18:43,34.0095,-118.1053,74.34,48,75,12.66
285,Ngunguru,NZ,2022-05-09 20:18:44,-35.6167,174.5,58.23,89,16,7.31
286,Santa Isabel Do Rio Negro,BR,2022-05-09 20:18:44,-0.4139,-65.0192,76.87,89,100,1.7
287,Gualaquiza,EC,2022-05-09 20:18:44,-3.4,-78.55,76.96,65,70,3.78
288,Ihiala,NG,2022-05-09 20:18:45,5.8538,6.8603,78.84,86,84,5.46
289,Southbridge,US,2022-05-09 20:18:45,42.0751,-72.0334,66.36,22,1,11.99
290,Myitkyina,MM,2022-05-09 20:18:46,25.3833,97.4,72.54,99,100,1.32
291,Nenjiang,CN,2022-05-09 20:18:46,49.1833,125.2167,58.69,25,100,18.19
292,Thunder Bay,CA,2022-05-09 20:15:32,48.4001,-89.3168,52.29,62,75,18.41
293,Kilgore,US,2022-05-09 20:18:47,32.3863,-94.8758,92.03,52,20,17.27
294,Brigg,GB,2022-05-09 20:18:47,53.552,-0.4921,65.14,65,100,14.97
295,Molteno,ZA,2022-05-09 20:18:47,-31.3968,26.3625,48.06,56,3,4.65
296,Standerton,ZA,2022-05-09 20:18:48,-26.9337,29.2415,46.62,60,0,3.2
297,Asau,RO,2022-05-09 20:18:03,46.4333,26.4,54.95,100,52,4.32
298,Kharp,RU,2022-05-09 20:18:48,66.8014,65.8081,32.32,97,100,4.65
299,Menongue,AO,2022-05-09 20:18:49,-14.6585,17.691,62.13,54,2,4.5
300,Lae,PG,2022-05-09 20:18:49,-6.7221,146.9847,75.97,88,55,5.37
301,Conceicao Do Araguaia,BR,2022-05-09 20:18:50,-8.2578,-49.2647,84.25,60,3,3.24
302,Bengkulu,ID,2022-05-09 20:18:50,-3.8004,102.2655,77.7,84,84,2.73
303,Caravelas,BR,2022-05-09 20:18:51,-17.7125,-39.2481,72.25,87,6,11.25
304,Saint-Pierre,RE,2022-05-09 20:18:51,-21.3393,55.4781,71.28,83,0,5.75
305,Columbus,US,2022-05-09 20:17:06,39.9612,-82.9988,76.87,35,0,13.8
306,Mangrol,IN,2022-05-09 20:18:52,21.1167,70.1167,81.91,79,97,15.05
307,Palasa,IN,2022-05-09 20:18:52,18.7667,84.4167,80.13,78,62,8.55
308,Iqaluit,CA,2022-05-09 20:18:52,63.7506,-68.5145,34.7,74,100,4.61
309,Jacareacanga,BR,2022-05-09 20:18:53,-6.2222,-57.7528,82.4,82,95,2.48
310,Svetlogorsk,BY,2022-05-09 20:18:53,52.6333,29.7333,41.54,66,13,3.18
311,Gatesville,US,2022-05-09 20:18:54,31.4352,-97.7439,96.35,49,20,13.8
312,Erenhot,CN,2022-05-09 20:18:54,43.6475,111.9767,52.7,48,100,12.84
313,Georgetown,MY,2022-05-09 20:14:17,5.4112,100.3354,84.13,89,20,0.0
314,Ribeira Brava,PT,2022-05-09 20:18:55,32.65,-17.0667,74.03,42,41,7.83
315,Port Hardy,CA,2022-05-09 20:18:55,50.6996,-127.4199,51.8,81,75,8.05
316,Rabo De Peixe,PT,2022-05-09 20:18:56,37.8,-25.5833,63.91,72,20,6.91
317,Sitka,US,2022-05-09 20:18:56,57.0531,-135.33,51.69,66,20,17.27
318,Beachwood,US,2022-05-09 20:18:56,41.4645,-81.5087,73.35,24,0,13.8
319,Belaya Gora,RU,2022-05-09 20:18:57,68.5333,146.4167,25.32,87,100,15.43
320,Daru,PG,2022-05-09 20:18:57,-9.0763,143.2092,81.59,89,100,9.75
321,Portales,US,2022-05-09 20:17:11,34.1862,-103.3344,92.73,5,0,15.97
322,Qingdao,CN,2022-05-09 20:18:58,36.0986,120.3719,53.2,94,20,2.24
323,Camacha,PT,2022-05-09 20:18:58,33.0833,-16.3333,62.02,88,20,14.97
324,Bradford,GB,2022-05-09 20:19:49,53.7939,-1.7521,62.49,61,20,20.71
325,Vredendal,ZA,2022-05-09 20:19:59,-31.6683,18.5012,58.69,50,75,3.56
326,Awjilah,LY,2022-05-09 20:19:59,29.1081,21.2869,70.41,41,1,15.61
327,Biak,ID,2022-05-09 20:20:00,-0.9131,122.8766,77.16,82,99,4.18
328,Poum,NC,2022-05-09 20:20:00,-20.2333,164.0167,75.38,73,18,13.2
329,Amol,IR,2022-05-09 20:20:01,36.4696,52.3507,56.07,91,77,1.45
330,Cidreira,BR,2022-05-09 20:20:01,-30.1811,-50.2056,67.84,77,0,12.44
331,Batsfjord,NO,2022-05-09 20:20:02,70.6345,29.7185,37.18,75,40,0.0
332,Aklavik,CA,2022-05-09 20:20:02,68.2191,-135.0107,39.67,73,100,12.8
333,Elat,IL,2022-05-09 20:20:03,29.5581,34.9482,80.44,32,0,4.61
334,Pontianak,ID,2022-05-09 20:20:03,-0.0333,109.3333,78.78,100,75,2.3
335,Guanare,VE,2022-05-09 20:20:04,9.0418,-69.7421,86.32,65,64,1.12
336,Okhotsk,RU,2022-05-09 20:20:04,59.3833,143.3,35.24,94,100,3.85
337,Moranbah,AU,2022-05-09 20:20:04,-22.0016,148.0466,66.92,93,100,18.12
338,Dunedin,NZ,2022-05-09 20:20:05,-45.8742,170.5036,47.8,85,100,3.0
339,Chunhuhub,MX,2022-05-09 20:20:05,19.55,-88.6833,101.32,27,84,6.8
340,Killorglin,IE,2022-05-09 20:20:06,52.1,-9.7833,51.46,85,100,9.51
341,Pevek,RU,2022-05-09 20:20:06,69.7008,170.3133,22.77,84,99,7.31
342,Kaitangata,NZ,2022-05-09 20:20:07,-46.2817,169.8464,44.38,86,60,4.88
343,Hovd,MN,2022-05-09 20:20:07,48.0056,91.6419,35.31,34,0,2.8
344,Arlit,NE,2022-05-09 20:20:08,18.7369,7.3853,94.37,19,84,8.52
345,Chifeng,CN,2022-05-09 20:20:08,42.2683,118.9636,45.68,52,5,6.15
346,Buala,SB,2022-05-09 20:20:09,-8.145,159.5921,81.12,85,97,9.66
347,Jumla,NP,2022-05-09 20:20:09,29.2747,82.1838,52.05,90,13,2.26
348,Dutse,NG,2022-05-09 20:20:10,11.7594,9.3392,87.17,43,100,12.5
349,Montabaur,DE,2022-05-09 20:20:10,50.4333,7.8333,65.59,73,46,1.92
350,Ambulu,ID,2022-05-09 20:20:11,-8.345,113.6058,77.02,92,39,2.66
351,Ghoti,IN,2022-05-09 20:20:11,19.7168,73.6245,75.58,85,64,7.74
352,Ayia Galini,GR,2022-05-09 20:20:12,35.1,24.6833,62.74,70,58,4.07
353,Starkville,US,2022-05-09 20:17:18,33.4504,-88.8184,82.78,57,0,11.5
354,Santa Luzia,BR,2022-05-09 20:20:12,-19.7697,-43.8514,77.14,49,0,9.22
355,Cortland,US,2022-05-09 20:20:13,42.6001,-76.083,71.08,17,0,10.36
356,Khandwa,IN,2022-05-09 20:20:13,21.8333,76.3333,95.02,14,100,7.29
357,Saint George,US,2022-05-09 20:20:14,37.1041,-113.5841,69.44,10,0,7.0
358,Tshikapa,CD,2022-05-09 20:20:14,-6.4167,20.8,76.51,67,35,3.56
359,Crixas,BR,2022-05-09 20:20:14,-14.5489,-49.9692,88.56,36,17,5.48
360,Ilulissat,GL,2022-05-09 20:20:15,69.2167,-51.1,26.62,93,75,10.36
361,Kieta,PG,2022-05-09 20:20:15,-6.2167,155.6333,79.2,85,73,2.24
362,Adeje,ES,2022-05-09 20:20:16,28.1227,-16.726,69.01,79,0,3.44
363,Bonavista,CA,2022-05-09 20:20:16,48.6499,-53.1147,37.63,61,0,7.96
364,Kampene,CD,2022-05-09 20:20:17,-3.6,26.6667,70.48,96,98,1.61
365,Bozoum,CF,2022-05-09 20:20:17,6.3193,16.3799,75.2,68,37,3.06
366,Dharmadam,IN,2022-05-09 20:20:18,11.7833,75.4333,82.76,83,100,11.03
367,Muscat,OM,2022-05-09 20:20:18,23.6139,58.5922,91.42,45,0,10.49
368,Beian,NO,2022-05-09 20:20:19,63.6559,9.5683,51.89,71,0,11.5
369,Honningsvag,NO,2022-05-09 20:20:19,70.9821,25.9704,33.55,86,100,3.44
370,Aasiaat,GL,2022-05-09 20:21:20,68.7098,-52.8699,28.53,95,100,20.31
371,Husavik,IS,2022-05-09 20:21:20,66.0449,-17.3389,38.48,97,100,9.46
372,Chipinge,ZW,2022-05-09 20:21:21,-20.1883,32.6236,59.29,93,4,3.47
373,Oistins,BB,2022-05-09 20:21:21,13.0667,-59.5333,84.29,70,20,13.8
374,Manjeshwar,IN,2022-05-09 20:21:22,12.7194,74.8861,85.15,78,97,11.27
375,Goderich,CA,2022-05-09 20:21:22,43.7501,-81.7165,71.92,23,56,12.66
376,Svetlaya,RU,2022-05-09 20:21:22,46.5389,138.3297,44.24,79,9,7.96
377,Lavrentiya,RU,2022-05-09 20:21:23,65.5833,-171.0,27.48,82,11,5.03
378,Hualmay,PE,2022-05-09 20:21:23,-11.0964,-77.6139,69.75,76,23,10.51
379,Vardo,NO,2022-05-09 20:21:24,70.3705,31.1107,37.38,75,0,3.44
380,Kitui,KE,2022-05-09 20:21:24,-1.367,38.0106,66.52,73,67,6.38
381,Benjamin Constant,BR,2022-05-09 20:21:25,-4.3831,-70.0311,87.93,62,40,4.61
382,Ust-Tsilma,RU,2022-05-09 20:21:25,65.441,52.1498,28.71,92,100,1.32
383,Gizo,SB,2022-05-09 20:21:26,-8.103,156.8419,82.63,78,100,8.41
384,Rio Gallegos,AR,2022-05-09 20:21:26,-51.6226,-69.2181,50.05,71,0,20.71
385,Harper,LR,2022-05-09 20:21:27,4.375,-7.7169,80.71,77,73,6.46
386,Bubaque,GW,2022-05-09 20:21:27,11.2833,-15.8333,78.12,82,36,15.21
387,Arman,RU,2022-05-09 20:21:27,59.7,150.1667,36.19,96,100,0.54
388,Honiara,SB,2022-05-09 20:21:28,-9.4333,159.95,78.94,85,94,5.66
389,Qasigiannguit,GL,2022-05-09 20:21:28,68.8193,-51.1922,26.85,86,100,10.11
390,Cooma,AU,2022-05-09 20:21:29,-36.2333,149.1333,38.97,100,100,0.0
391,Garoua,CM,2022-05-09 20:21:29,9.3,13.4,77.4,83,40,8.05
392,Upernavik,GL,2022-05-09 20:21:30,72.7868,-56.1549,26.35,86,100,2.15
393,Vila Franca Do Campo,PT,2022-05-09 20:21:30,37.7167,-25.4333,64.81,71,2,4.14
394,Amuntai,ID,2022-05-09 20:16:50,-2.4177,115.2494,72.45,98,100,1.97
395,Ewa Beach,US,2022-05-09 20:17:48,21.3156,-158.0072,84.15,53,75,11.5
396,Auray,FR,2022-05-09 20:21:31,47.6703,-2.9918,63.68,88,100,6.04
397,Los Llanos De Aridane,ES,2022-05-09 20:21:31,28.6585,-17.9182,66.13,89,0,11.5
398,Byron Bay,AU,2022-05-09 20:21:32,-28.65,153.6167,61.95,74,100,10.29
399,Solnechnyy,RU,2022-05-09 20:21:32,50.7214,136.6319,38.59,85,5,2.15
400,Paranaiba,BR,2022-05-09 20:21:33,-19.6772,-51.1908,86.31,35,1,2.24
401,Praya,CV,2022-05-09 20:21:33,14.9215,-23.5087,73.94,73,75,18.41
402,Maningrida,AU,2022-05-09 20:21:34,-12.0667,134.2667,74.97,90,72,6.76
403,Lebu,CL,2022-05-09 20:17:09,-37.6167,-73.65,56.34,81,77,13.69
404,Goure,NE,2022-05-09 20:21:34,13.9835,10.2704,100.02,16,3,7.25
405,Sarh,TD,2022-05-09 20:21:35,9.1429,18.3923,85.91,70,0,0.0
406,Yarada,IN,2022-05-09 20:21:35,17.65,83.2667,86.32,62,75,19.57
407,Ban Phai,TH,2022-05-09 20:21:36,16.06,102.731,79.02,80,100,6.35
408,Balaipungut,ID,2022-05-09 20:21:36,1.05,101.2833,76.05,95,100,2.44
409,Tuatapere,NZ,2022-05-09 20:21:37,-46.1333,167.6833,47.43,86,84,3.29
410,Rock Springs,US,2022-05-09 20:21:37,41.5875,-109.2029,42.24,43,100,28.77
411,Roanoke Rapids,US,2022-05-09 20:21:37,36.4615,-77.6542,69.21,48,0,10.36
412,Kamariotissa,GR,2022-05-09 20:21:38,40.4833,25.4667,59.72,70,23,12.17
413,Poitiers,FR,2022-05-09 20:21:38,46.5833,0.3333,70.21,46,0,2.3
414,Tura,IN,2022-05-09 20:21:39,25.5198,90.2201,72.5,90,99,4.76
415,Sotouboua,TG,2022-05-09 20:21:39,8.5667,0.9833,75.52,90,100,5.53
416,Chernukha,RU,2022-05-09 20:21:40,55.5974,43.7556,37.24,97,100,13.0
417,Carini,IT,2022-05-09 20:22:40,38.1567,13.1776,60.69,93,20,5.75
418,Uddevalla,SE,2022-05-09 20:22:41,58.3478,11.9424,54.99,54,98,3.0
419,Mahon,ES,2022-05-09 20:22:41,39.8885,4.2658,61.36,72,0,2.3
420,Mahibadhoo,MV,2022-05-09 20:22:41,3.7833,72.9667,84.16,79,100,19.89
421,Wagar,SD,2022-05-09 20:22:42,16.1525,36.2032,88.83,16,21,20.02
422,Birao,CF,2022-05-09 20:22:42,10.2849,22.7882,90.07,16,100,5.19
423,Dingli,MT,2022-05-09 20:22:43,35.8614,14.3822,59.81,88,40,3.44
424,Moerai,PF,2022-05-09 20:22:43,-22.4333,-151.3333,78.49,70,11,3.85
425,Itarema,BR,2022-05-09 20:22:44,-2.9248,-39.9167,76.39,93,99,5.21
426,Kapuskasing,CA,2022-05-09 20:22:44,49.4169,-82.4331,77.09,15,75,23.02
427,Havelock,US,2022-05-09 20:20:38,34.8791,-76.9013,69.78,57,75,21.85
428,Kuusamo,FI,2022-05-09 20:22:45,65.9667,29.1833,35.64,75,0,5.75
429,Padang,ID,2022-05-09 20:22:45,-0.9492,100.3543,79.52,85,100,3.62
430,Santiago De Chuco,PE,2022-05-09 20:22:46,-8.15,-78.1833,61.3,61,84,3.29
431,Kota Belud,MY,2022-05-09 20:22:46,6.351,116.4305,76.75,92,100,3.85
432,Ixtapa,MX,2022-05-09 20:19:48,20.7,-105.2,81.63,65,0,11.5
433,Tatarsk,RU,2022-05-09 20:22:47,55.219,75.9828,50.27,53,22,7.09
434,Tabou,CI,2022-05-09 20:22:47,4.423,-7.3528,80.51,78,49,6.93
435,Nanortalik,GL,2022-05-09 20:22:47,60.1432,-45.2371,37.02,86,18,11.23
436,San Andres,CO,2022-05-09 20:22:48,12.5847,-81.7006,86.02,74,40,9.22
437,Trujillo Alto,PR,2022-05-09 20:22:48,18.3547,-66.0074,90.59,60,40,17.27
438,Chokurdakh,RU,2022-05-09 20:22:49,70.6333,147.9167,25.57,97,100,7.18
439,Ifo,NG,2022-05-09 20:22:49,6.8144,3.1958,76.62,85,98,2.59
440,Sur,OM,2022-05-09 20:22:50,22.5667,59.5289,86.38,56,0,9.82
441,Adrar,MR,2022-05-09 20:22:50,20.5022,-10.0711,92.62,8,43,10.49
442,Marfino,RU,2022-05-09 20:22:51,55.7028,37.3822,41.16,69,0,6.71
443,Phuket,TH,2022-05-09 20:22:51,8.0,98.25,86.13,89,20,0.0
444,Zhanaozen,KZ,2022-05-09 20:22:52,43.3,52.8,52.93,76,100,24.87
445,Terrace,CA,2022-05-09 20:21:59,54.5163,-128.6035,55.31,54,75,13.8
446,Cartagena,CO,2022-05-09 20:18:26,10.3997,-75.5144,89.22,70,20,18.41
447,Santa Cruz De Tenerife,ES,2022-05-09 20:20:19,28.4682,-16.2546,71.78,81,0,8.9
448,Pisco,PE,2022-05-09 20:22:52,-13.7,-76.2167,71.65,64,62,24.16
449,Houma,US,2022-05-09 20:22:53,29.5958,-90.7195,91.0,65,40,12.66
450,Zenzeli,RU,2022-05-09 20:22:53,45.9241,47.0474,49.84,89,100,8.68
451,Lovozero,RU,2022-05-09 20:22:54,68.005,35.0117,31.59,79,51,9.4
452,Omsukchan,RU,2022-05-09 20:22:54,62.5333,155.8,23.61,89,91,7.29
453,Hachinohe,JP,2022-05-09 20:22:55,40.5,141.5,43.56,66,0,9.28
454,Tezu,IN,2022-05-09 20:22:55,27.9167,96.1667,70.79,86,6,2.89
455,Luanda,AO,2022-05-09 20:22:55,-8.8368,13.2343,76.17,89,12,7.94
456,San Quintin,MX,2022-05-09 20:22:56,30.4833,-115.95,63.37,61,0,23.35
457,Mubi,NG,2022-05-09 20:22:56,10.2676,13.2644,82.65,56,100,7.81
458,Chilapa,MX,2022-05-09 20:22:57,22.032,-105.2317,97.56,30,0,14.45
459,La Primavera,CO,2022-05-09 20:22:57,5.4906,-70.4092,85.57,67,98,3.67
460,Abu Dhabi,AE,2022-05-09 20:20:59,24.4667,54.3667,84.22,48,0,16.11
461,Pangody,RU,2022-05-09 20:22:58,65.85,74.4859,34.5,98,100,12.64
462,Aden,YE,2022-05-09 20:22:58,12.7794,45.0367,84.9,70,8,6.26
463,Rio Bravo,MX,2022-05-09 20:23:59,25.9833,-98.1,94.98,49,0,20.15
464,Port Macquarie,AU,2022-05-09 20:23:59,-31.4333,152.9167,53.89,81,96,5.17
465,Camopi,GF,2022-05-09 20:24:00,3.1655,-52.3158,79.59,90,38,3.51
466,Purranque,CL,2022-05-09 20:24:00,-40.9167,-73.1667,52.29,72,99,3.85
467,Owando,CG,2022-05-09 20:24:00,-0.4819,15.8999,73.4,94,84,0.65
468,Sao Jose Da Coroa Grande,BR,2022-05-09 20:24:01,-8.8978,-35.1478,78.58,73,100,8.12
469,Flin Flon,CA,2022-05-09 20:24:01,54.7682,-101.865,64.24,32,75,0.0
470,Maxixe,MZ,2022-05-09 20:24:02,-23.8597,35.3472,68.86,86,53,3.4
471,Porto Santo,PT,2022-05-09 20:24:02,33.072,-16.3415,64.78,88,20,14.97
472,Shubarshi,KZ,2022-05-09 20:24:03,48.5872,57.1869,52.41,90,100,16.28
473,Los Aquijes,PE,2022-05-09 20:24:03,-14.0967,-75.6908,85.01,34,55,6.82
474,Uman,UA,2022-05-09 20:24:04,48.7484,30.2218,46.94,63,14,6.82
475,Matara,LK,2022-05-09 20:24:04,5.9485,80.5353,81.03,85,100,14.34
476,Price,US,2022-05-09 20:21:52,39.5994,-110.8107,54.66,16,0,17.27
477,Pemba,MZ,2022-05-09 20:24:05,-12.974,40.5178,79.5,78,20,10.36
478,Provideniya,RU,2022-05-09 20:24:05,64.3833,-173.3,32.41,85,9,7.11
479,Belmonte,BR,2022-05-09 20:24:06,-15.8631,-38.8828,76.53,76,2,13.09
480,Sokoni,TZ,2022-05-09 20:24:06,-6.4333,39.55,81.12,78,62,12.44
481,Atasu,KZ,2022-05-09 20:24:07,48.6814,71.6433,54.75,38,93,18.41
482,Broome,US,2022-05-09 20:24:07,42.2506,-75.833,72.37,18,0,11.5
483,Altamirano,MX,2022-05-09 20:24:08,16.8833,-92.15,85.93,21,84,6.35
484,Waldoboro,US,2022-05-09 20:24:08,44.0954,-69.3756,70.56,35,2,10.6
485,Acari,PE,2022-05-09 20:24:09,-15.4311,-74.6158,76.08,56,26,9.22
486,Initao,PH,2022-05-09 20:24:09,8.4997,124.3039,76.98,85,100,5.32
487,Basco,PH,2022-05-09 20:19:29,20.4487,121.9702,82.99,71,40,16.35
488,Tougan,BF,2022-05-09 20:24:10,13.0667,-3.0667,97.0,7,3,10.4
489,Petrivka,UA,2022-05-09 20:24:10,46.9695,30.9591,56.44,65,74,9.91
490,Lingao,CN,2022-05-09 20:24:10,19.9103,109.6859,76.21,92,100,5.08
491,Huarmey,PE,2022-05-09 20:24:11,-10.0681,-78.1522,70.57,75,3,12.57
492,Madimba,TZ,2022-05-09 20:24:11,-10.4,40.3333,75.78,88,0,9.24
493,Bondo,CD,2022-05-09 20:24:12,3.8146,23.6866,67.35,99,100,3.27
494,Hami,CN,2022-05-09 20:24:12,42.8,93.45,63.54,15,0,16.84
495,Sungaipenuh,ID,2022-05-09 20:24:13,-2.0833,101.3833,66.25,94,98,2.86
496,Asifabad,IN,2022-05-09 20:24:13,19.3667,79.2833,92.07,20,75,1.86
497,Awbari,LY,2022-05-09 20:24:14,26.5921,12.7805,77.99,16,42,7.87
498,Chumikan,RU,2022-05-09 20:24:14,54.7183,135.315,25.86,91,58,4.21
499,Mitsamiouli,KM,2022-05-09 20:24:14,-11.3847,43.2844,81.14,77,43,6.2
500,Havre-Saint-Pierre,CA,2022-05-09 20:24:15,50.2334,-63.5986,55.76,35,0,8.05
501,Atambua,ID,2022-05-09 20:24:15,-9.1061,124.8925,70.52,82,100,4.59
502,Alugan,PH,2022-05-09 20:24:16,12.2188,125.4808,79.56,85,100,9.46
503,Neijiang,CN,2022-05-09 20:24:16,29.5835,105.0622,65.66,92,82,5.44
504,Salto,UY,2022-05-09 20:23:51,-31.3833,-57.9667,71.87,67,100,2.24
505,Inuvik,CA,2022-05-09 20:24:17,68.3499,-133.7218,47.16,45,75,6.91
506,Birobidzhan,RU,2022-05-09 20:24:17,48.8,132.95,51.48,47,5,4.99
507,Fort Nelson,CA,2022-05-09 20:24:18,58.8053,-122.7002,31.59,74,100,6.91
508,Manhattan,US,2022-05-09 20:22:08,40.7834,-73.9662,73.62,20,0,17.27
509,Kawalu,ID,2022-05-09 20:24:18,-7.3817,108.2082,75.16,92,99,2.21
510,Yeniseysk,RU,2022-05-09 20:24:19,58.4497,92.1703,27.91,88,8,3.09
511,Glenwood Springs,US,2022-05-09 20:24:19,39.5505,-107.3248,67.41,25,40,23.02
512,Sinnamary,GF,2022-05-09 20:25:20,5.3833,-52.95,80.42,79,8,9.98
513,Hohhot,CN,2022-05-09 20:25:20,40.8106,111.6522,52.09,76,67,4.47
514,Vila Do Maio,CV,2022-05-09 20:25:21,15.1333,-23.2167,74.19,83,23,11.34
515,Vestmannaeyjar,IS,2022-05-09 20:25:21,63.4427,-20.2734,46.98,80,100,3.65
516,Puerto Del Rosario,ES,2022-05-09 20:25:22,28.5004,-13.8627,71.35,73,0,11.5
517,Balkanabat,TM,2022-05-09 20:25:22,39.5108,54.3671,62.35,41,0,9.06
518,Port Blair,IN,2022-05-09 20:25:23,11.6667,92.75,82.92,82,100,16.06
519,Aksu,CN,2022-05-09 20:25:23,41.1231,80.2644,74.77,24,5,4.38
520,Capaccio,IT,2022-05-09 20:25:24,40.4244,15.0809,58.06,85,19,4.27
521,Clyde River,CA,2022-05-09 20:25:24,70.4692,-68.5914,23.23,86,100,29.93
522,Bayan,CN,2022-05-09 20:25:25,46.0833,127.4,55.06,31,77,12.77
523,Racine,US,2022-05-09 20:25:25,42.7495,-88.0751,79.95,60,10,16.11
524,Gombong,ID,2022-05-09 20:25:26,-7.6072,109.5142,78.98,92,97,1.34
525,Corona,US,2022-05-09 20:23:48,33.8753,-117.5664,72.91,46,20,14.97
526,Cochrane,CA,2022-05-09 20:25:26,51.1834,-114.4687,44.87,83,20,11.5
527,Yulara,AU,2022-05-09 20:25:26,-25.2406,130.9889,48.04,53,0,10.36
528,Krasnyy Chikoy,RU,2022-05-09 20:25:27,50.3643,108.7512,25.59,80,95,9.46
529,Henties Bay,NA,2022-05-09 20:25:27,-22.116,14.2845,63.91,59,0,2.95
530,Kaduy,RU,2022-05-09 20:25:28,59.2,37.15,35.62,90,61,6.42
531,The Valley,AI,2022-05-09 20:25:28,18.217,-63.0578,85.86,70,20,13.8
532,Aswan,EG,2022-05-09 20:25:29,24.0934,32.907,90.36,12,96,16.78
533,Hofn,IS,2022-05-09 20:20:47,64.2539,-15.2082,47.08,78,100,1.86
534,Artyshta,RU,2022-05-09 20:25:29,54.1222,86.2909,35.42,50,0,1.43
535,Aquiraz,BR,2022-05-09 20:25:30,-3.9014,-38.3911,82.49,77,100,4.97
536,Sibu,MY,2022-05-09 20:25:30,2.3,111.8167,77.31,94,40,0.0
537,Presidencia Roque Saenz Pena,AR,2022-05-09 20:25:31,-26.7852,-60.4388,64.4,91,100,1.79
538,Seoul,KR,2022-05-09 20:23:25,37.5683,126.9778,54.84,82,0,2.3
539,Conceicao Da Barra,BR,2022-05-09 20:25:31,-18.5933,-39.7322,75.0,68,15,10.78
540,Saint-Ambroise,CA,2022-05-09 20:25:32,48.5501,-71.3324,72.9,30,1,4.74
541,Aykino,RU,2022-05-09 20:25:32,62.2248,49.9922,33.71,96,100,7.87
542,Kasempa,ZM,2022-05-09 20:25:33,-13.4584,25.8338,66.22,57,67,3.96
543,Santa Cruz,BO,2022-05-09 20:25:26,-17.8,-63.1667,86.05,54,40,13.8
544,Nago,JP,2022-05-09 20:25:33,26.5881,127.9761,70.23,83,100,5.48
545,Dunda,TZ,2022-05-09 20:25:34,-8.1167,34.25,63.09,77,0,3.6
546,Canchungo,GW,2022-05-09 20:25:34,12.0672,-16.0333,77.13,73,60,8.81
547,Hanyang,CN,2022-05-09 20:25:34,32.1371,105.5126,61.29,84,0,3.31
548,Mumford,GH,2022-05-09 20:25:35,5.2618,-0.759,82.13,82,100,14.41
549,Hearst,CA,2022-05-09 20:25:35,49.6835,-83.6665,70.05,20,92,14.41
550,Tevaitoa,PF,2022-05-09 20:25:36,-16.7833,-151.5,81.88,73,14,14.99
551,Manokwari,ID,2022-05-09 20:25:36,-0.8667,134.0833,79.92,79,100,1.39
552,Opelousas,US,2022-05-09 20:25:37,30.5335,-92.0815,90.9,51,0,11.5
553,Nicoya,CR,2022-05-09 20:25:37,10.1483,-85.452,87.58,61,98,5.97
554,Beyneu,KZ,2022-05-09 20:25:38,45.3167,55.2,55.78,84,91,19.86
555,Farah,AF,2022-05-09 20:26:38,32.5,62.5,76.95,35,0,5.46
556,Santa Vitoria Do Palmar,BR,2022-05-09 20:23:50,-33.5189,-53.3681,65.8,78,74,6.02
557,Mayumba,GA,2022-05-09 20:26:39,-3.432,10.6554,78.31,92,75,5.91
558,Capao Bonito,BR,2022-05-09 20:26:39,-24.0058,-48.3494,65.91,76,79,7.78
559,Omboue,GA,2022-05-09 20:26:40,-1.5746,9.2618,79.48,90,97,8.34
560,Yumen,CN,2022-05-09 20:26:40,40.2833,97.2,53.28,25,100,10.51
561,Hvolsvollur,IS,2022-05-09 20:26:41,63.7533,-20.2243,48.81,69,100,1.01
562,Mareeba,AU,2022-05-09 20:26:41,-17.0,145.4333,72.45,94,98,8.46
563,Bangkok,TH,2022-05-09 20:26:42,13.75,100.5167,80.49,97,96,6.35
564,Iwanai,JP,2022-05-09 20:26:42,42.9744,140.5089,45.59,57,1,3.42
565,Namibe,AO,2022-05-09 20:26:42,-15.1961,12.1522,73.24,63,0,10.11
566,Raymondville,US,2022-05-09 20:26:43,26.4815,-97.7831,95.0,46,2,19.69
567,Tahe,CN,2022-05-09 20:26:43,52.3333,124.7333,53.67,37,100,7.38
568,Hokitika,NZ,2022-05-09 20:26:44,-42.7167,170.9667,52.32,81,6,6.62
569,Ko Samui,TH,2022-05-09 20:26:44,9.5357,99.9357,83.57,76,100,11.83
570,Cayenne,GF,2022-05-09 20:26:45,4.9333,-52.3333,84.24,1,75,11.5
571,Raudeberg,NO,2022-05-09 20:26:45,61.9875,5.1352,51.87,46,100,25.43
572,Lang Son,VN,2022-05-09 20:26:45,21.8333,106.7333,72.95,95,99,2.91
573,Pilar,BR,2022-05-09 20:23:37,-9.5972,-35.9567,80.53,80,100,4.99
574,Zambezi,ZM,2022-05-09 20:26:46,-13.5432,23.1047,65.71,57,0,5.06
575,Krasnaya Gora,RU,2022-05-09 20:26:46,52.9995,31.6023,40.68,65,9,7.43
576,Laguna,US,2022-05-09 20:26:47,38.421,-121.4238,65.01,39,40,12.66
577,Comodoro Rivadavia,AR,2022-05-09 20:26:47,-45.8667,-67.5,58.86,33,0,10.36
578,Vangazi,LV,2022-05-09 20:26:48,57.0936,24.5486,40.64,82,14,1.5
579,Miyako,JP,2022-05-09 20:23:21,39.6367,141.9525,44.62,64,0,5.91
580,Kamennomostskoye,RU,2022-05-09 20:26:48,43.7372,43.0514,41.38,80,12,7.29
581,Fallon,US,2022-05-09 20:26:49,39.4735,-118.7774,48.07,28,75,5.75
582,Takoradi,GH,2022-05-09 20:26:49,4.8845,-1.7554,81.07,81,97,10.92
583,Salvador,SV,2022-05-09 20:26:50,13.8333,-88.9167,86.04,48,100,4.52
