City_ID,City,Country,Lat,Lng,Max Temp,Humidity,Cloudiness,Wind Speed,Current Description,Date
0,Crestview,US,30.7621,-86.5705,78.04,71,0,3.44,clear sky,2022-05-14 14:08:10
1,Albany,US,42.6001,-73.9662,74.62,76,58,1.92,broken clouds,2022-05-14 13:58:02
2,Rikitea,PF,-23.1203,-134.9692,76.35,68,0,21.92,clear sky,2022-05-14 14:11:22
3,Roald,NO,62.5833,6.1333,49.91,71,20,23.02,few clouds,2022-05-14 14:11:23
4,Kholm,RU,59.2667,32.85,59.61,38,98,8.23,overcast clouds,2022-05-14 14:11:23
5,Castro,BR,-24.7911,-50.0119,64.76,67,100,5.1,overcast clouds,2022-05-14 14:11:24
6,Bambous Virieux,MU,-20.3428,57.7575,75.22,69,47,11.27,scattered clouds,2022-05-14 14:11:24
7,Lebu,CL,-37.6167,-73.65,50.72,69,96,16.11,overcast clouds,2022-05-14 14:11:25
8,Cape Town,ZA,-33.9258,18.4232,69.12,60,0,5.01,clear sky,2022-05-14 14:09:30
9,Nantai,CN,40.9241,122.8044,48.61,49,4,7.52,clear sky,2022-05-14 14:11:25
10,Bonavista,CA,48.6499,-53.1147,33.67,86,100,12.53,snow,2022-05-14 14:11:26
11,Ushuaia,AR,-54.8,-68.3,40.62,93,40,3.44,scattered clouds,2022-05-14 14:07:30
12,Ancud,CL,-41.8697,-73.8203,50.14,87,76,5.46,broken clouds,2022-05-14 14:11:26
13,Punta Arenas,CL,-53.15,-70.9167,44.71,81,20,9.22,few clouds,2022-05-14 14:11:00
14,Gunjur,GM,13.2019,-16.7339,91.47,46,0,8.05,clear sky,2022-05-14 14:11:27
15,Atuona,PF,-9.8,-139.0333,78.98,70,91,21.27,overcast clouds,2022-05-14 14:11:27
16,Kattivakkam,IN,13.2167,80.3167,86.07,86,100,12.95,overcast clouds,2022-05-14 14:11:28
17,Faanui,PF,-16.4833,-151.75,80.91,67,44,13.18,scattered clouds,2022-05-14 14:11:28
18,Yellowknife,CA,62.456,-114.3525,41.56,77,46,10.0,scattered clouds,2022-05-14 14:07:01
19,Qaanaaq,GL,77.484,-69.3632,17.46,68,42,4.65,scattered clouds,2022-05-14 14:11:29
20,Tanabe,JP,33.7333,135.3667,60.03,81,98,7.65,overcast clouds,2022-05-14 14:11:29
21,Shingu,JP,33.7333,135.9833,60.78,84,73,5.75,broken clouds,2022-05-14 14:11:29
22,Busselton,AU,-33.65,115.3333,58.98,68,81,11.79,broken clouds,2022-05-14 14:11:30
23,Tiksi,RU,71.6872,128.8694,8.42,95,12,5.61,few clouds,2022-05-14 14:11:30
24,Babati,TZ,-4.2167,35.75,77.13,47,94,6.4,overcast clouds,2022-05-14 14:11:31
25,Dentsville,US,34.064,-80.9582,73.42,84,0,1.01,clear sky,2022-05-14 14:11:31
26,Paamiut,GL,61.994,-49.6678,27.05,62,100,10.76,overcast clouds,2022-05-14 14:11:32
27,Saint-Philippe,RE,-21.3585,55.7679,76.59,80,45,11.25,light rain,2022-05-14 14:01:49
28,Puerto Ayora,EC,-0.7393,-90.3518,71.55,98,30,1.99,scattered clouds,2022-05-14 14:01:59
29,Mataura,NZ,-46.1927,168.8643,45.48,94,100,1.32,overcast clouds,2022-05-14 14:11:32
30,Sola,VU,-13.8833,167.55,79.97,71,100,16.89,overcast clouds,2022-05-14 14:11:33
31,Torbay,CA,47.6666,-52.7314,40.28,94,100,7.0,light rain,2022-05-14 14:11:33
32,Kodiak,US,57.79,-152.4072,38.71,87,100,12.66,light rain,2022-05-14 14:11:34
33,Bubaque,GW,11.2833,-15.8333,78.42,79,30,9.08,scattered clouds,2022-05-14 14:11:34
34,Corby,GB,52.4964,-0.6894,70.83,49,0,6.91,clear sky,2022-05-14 14:11:35
35,Tiarei,PF,-17.5333,-149.3333,77.02,66,2,12.68,clear sky,2022-05-14 14:11:35
36,Kruisfontein,ZA,-34.0033,24.7314,64.89,61,91,13.6,overcast clouds,2022-05-14 14:11:36
37,Monrovia,LR,6.3005,-10.7969,85.21,71,31,7.14,light rain,2022-05-14 14:11:36
38,Zhigansk,RU,66.7697,123.3711,23.09,79,9,8.57,clear sky,2022-05-14 14:11:37
39,Lakes Entrance,AU,-37.8811,147.981,60.17,87,100,3.53,overcast clouds,2022-05-14 14:11:37
40,East London,ZA,-33.0153,27.9116,66.61,64,5,14.9,clear sky,2022-05-14 14:11:38
41,Dingle,PH,10.9995,122.6711,79.54,85,81,1.66,broken clouds,2022-05-14 14:11:38
42,Hermanus,ZA,-34.4187,19.2345,66.79,65,13,5.79,few clouds,2022-05-14 14:12:38
43,Dodge City,US,37.7528,-100.0171,69.26,90,20,5.75,mist,2022-05-14 14:12:39
44,Perpignan,FR,42.75,2.75,83.82,52,0,11.5,clear sky,2022-05-14 14:12:39
45,Xai-Xai,MZ,-25.0519,33.6442,76.17,74,2,9.1,clear sky,2022-05-14 14:12:40
46,Airai,TL,-8.9266,125.4092,62.17,97,81,1.14,broken clouds,2022-05-14 14:12:40
47,Labelle,US,26.7617,-81.4384,80.67,60,63,2.59,broken clouds,2022-05-14 14:12:41
48,Chillicothe,US,39.3331,-82.9824,73.99,72,0,3.44,clear sky,2022-05-14 14:12:41
49,Plettenberg Bay,ZA,-34.0527,23.3716,63.34,62,32,6.38,scattered clouds,2022-05-14 14:12:42
50,Severo-Kurilsk,RU,50.6789,156.125,37.94,95,100,20.02,overcast clouds,2022-05-14 14:12:42
51,Arraial Do Cabo,BR,-22.9661,-42.0278,76.86,65,20,6.91,few clouds,2022-05-14 14:12:43
52,Narasannapeta,IN,18.4167,84.05,85.19,82,4,11.39,clear sky,2022-05-14 14:12:43
53,Lompoc,US,34.6391,-120.4579,72.01,66,28,18.01,scattered clouds,2022-05-14 14:12:43
54,Pavlodar,KZ,52.3,76.95,75.0,35,40,6.71,scattered clouds,2022-05-14 14:12:44
55,Luderitz,NA,-26.6481,15.1594,68.97,50,0,18.61,clear sky,2022-05-14 14:12:44
56,Nunchia,CO,5.6406,-72.1986,80.69,77,83,4.23,broken clouds,2022-05-14 14:12:45
57,Tuktoyaktuk,CA,69.4541,-133.0374,25.41,86,36,11.25,scattered clouds,2022-05-14 14:12:45
58,Nanortalik,GL,60.1432,-45.2371,32.34,78,88,8.61,overcast clouds,2022-05-14 14:12:46
59,Mashhad,IR,36.297,59.6062,66.34,42,20,16.11,few clouds,2022-05-14 14:12:46
60,Mar Del Plata,AR,-38.0023,-57.5575,55.94,55,0,10.36,clear sky,2022-05-14 14:12:46
61,Kandrian,PG,-6.2167,149.55,77.83,87,21,5.61,few clouds,2022-05-14 14:12:47
62,Basco,PH,20.4487,121.9702,82.53,77,97,4.27,overcast clouds,2022-05-14 14:12:47
63,Vaini,TO,-21.2,-175.2,71.76,78,75,9.22,broken clouds,2022-05-14 14:12:48
64,Thompson,CA,55.7435,-97.8558,38.1,97,100,11.03,overcast clouds,2022-05-14 14:12:48
65,Havre-Saint-Pierre,CA,50.2334,-63.5986,50.45,63,3,13.76,clear sky,2022-05-14 14:12:49
66,Coquimbo,CL,-29.9533,-71.3436,53.33,93,100,2.3,overcast clouds,2022-05-14 14:10:59
67,Vestmannaeyjar,IS,63.4427,-20.2734,42.39,88,100,23.38,light rain,2022-05-14 14:12:49
68,Avarua,CK,-21.2078,-159.775,78.85,83,75,12.66,broken clouds,2022-05-14 14:12:50
69,Barrow,US,71.2906,-156.7887,21.22,86,100,13.8,overcast clouds,2022-05-14 14:09:40
70,Nikolskoye,RU,59.7035,30.7861,59.88,41,46,8.95,scattered clouds,2022-05-14 14:12:50
71,Hobart,AU,-42.8794,147.3294,61.02,71,20,10.36,few clouds,2022-05-14 14:12:51
72,Fairbanks,US,64.8378,-147.7164,34.3,93,75,0.0,broken clouds,2022-05-14 14:12:52
73,Chake Chake,TZ,-5.2459,39.7666,81.46,73,99,10.42,overcast clouds,2022-05-14 14:12:52
74,Panama,PA,9.0,-80.0,80.56,86,100,4.83,overcast clouds,2022-05-14 14:12:53
75,Taunggyi,MM,20.7833,97.0333,70.47,71,81,4.74,broken clouds,2022-05-14 14:12:53
76,Bom Jesus,BR,-9.0744,-44.3586,93.52,34,91,8.66,overcast clouds,2022-05-14 14:12:54
77,Upernavik,GL,72.7868,-56.1549,17.13,74,13,1.3,few clouds,2022-05-14 14:12:54
78,Butaritari,KI,3.0707,172.7902,80.51,76,100,8.05,overcast clouds,2022-05-14 14:12:55
79,Port Alfred,ZA,-33.5906,26.891,66.18,76,99,5.99,overcast clouds,2022-05-14 14:12:55
80,Abong Mbang,CM,3.9833,13.1833,86.32,49,97,3.96,overcast clouds,2022-05-14 14:12:56
81,Bukachacha,RU,52.9833,116.9167,44.6,58,92,4.43,overcast clouds,2022-05-14 14:12:56
82,Kununurra,AU,-15.7667,128.7333,76.98,78,93,2.3,overcast clouds,2022-05-14 14:12:56
83,Teluk Nibung,ID,3.001,99.8164,81.23,83,100,3.78,overcast clouds,2022-05-14 14:12:57
84,Batagay,RU,67.6333,134.6333,21.47,82,100,6.73,overcast clouds,2022-05-14 14:12:22
85,Udachnyy,RU,66.4167,112.4,32.9,93,100,2.91,overcast clouds,2022-05-14 14:12:57
86,Necochea,AR,-38.5473,-58.7368,52.56,51,0,12.62,clear sky,2022-05-14 14:12:58
87,Ca Mau,VN,9.1769,105.15,82.35,83,14,3.85,few clouds,2022-05-14 14:09:53
88,Trapani,IT,37.8333,12.6667,79.27,38,7,9.91,clear sky,2022-05-14 14:12:58
89,Yaransk,RU,57.3033,47.8861,52.74,75,75,13.31,light rain,2022-05-14 14:12:59
90,Susuman,RU,62.7833,148.1667,23.65,89,17,6.42,few clouds,2022-05-14 14:13:59
91,Kavieng,PG,-2.5744,150.7967,82.15,72,74,10.78,broken clouds,2022-05-14 14:14:00
92,Katsuura,JP,35.1333,140.3,66.47,87,48,1.66,scattered clouds,2022-05-14 14:14:00
93,Bluff,NZ,-46.6,168.3333,45.81,73,100,5.64,overcast clouds,2022-05-14 14:14:00
94,Chuy,UY,-33.6971,-53.4616,65.37,65,20,6.31,few clouds,2022-05-14 14:14:01
95,Jamestown,US,42.097,-79.2353,72.99,74,100,8.05,overcast clouds,2022-05-14 14:14:01
96,Cherskiy,RU,68.75,161.3,34.75,99,100,7.85,snow,2022-05-14 14:14:02
97,Saint-Pierre,RE,-21.3393,55.4781,76.68,65,0,14.97,clear sky,2022-05-14 14:14:02
98,Zhenhai,CN,24.2582,118.0905,64.08,84,100,22.37,overcast clouds,2022-05-14 14:14:03
99,Khatanga,RU,71.9667,102.5,32.77,99,100,5.35,overcast clouds,2022-05-14 14:14:04
100,Ponta Delgada,PT,37.7333,-25.6667,69.49,68,20,18.41,few clouds,2022-05-14 14:14:05
101,Naze,JP,28.3667,129.4833,66.49,82,100,8.97,light rain,2022-05-14 14:14:05
102,Praia Da Vitoria,PT,38.7333,-27.0667,63.75,81,100,24.25,light rain,2022-05-14 14:14:06
103,Bilma,NE,18.6853,12.9164,98.38,9,0,17.56,clear sky,2022-05-14 14:14:06
104,Upata,VE,8.0086,-62.3989,79.2,57,61,9.04,broken clouds,2022-05-14 14:14:07
105,Hilo,US,19.7297,-155.09,71.26,93,100,5.75,light rain,2022-05-14 14:14:07
106,Ilulissat,GL,69.2167,-51.1,24.82,74,75,0.0,broken clouds,2022-05-14 14:14:08
107,Matara,LK,5.9485,80.5353,77.79,94,100,15.79,overcast clouds,2022-05-14 14:14:08
108,Hambantota,LK,6.1241,81.1185,78.44,91,100,19.69,light rain,2022-05-14 14:14:09
109,Longyearbyen,SJ,78.2186,15.6401,28.24,69,40,5.75,scattered clouds,2022-05-14 14:14:09
110,Bengkulu,ID,-3.8004,102.2655,80.04,88,93,5.03,overcast clouds,2022-05-14 14:14:10
111,Kapaa,US,22.0752,-159.319,73.72,91,100,12.66,overcast clouds,2022-05-14 14:14:10
112,Kashi,CN,39.4547,75.9797,66.47,44,92,5.64,overcast clouds,2022-05-14 14:14:10
113,Toora-Khem,RU,52.4675,96.11,54.57,26,25,1.36,scattered clouds,2022-05-14 14:14:11
114,Saskylakh,RU,71.9167,114.0833,19.33,92,99,8.55,overcast clouds,2022-05-14 14:12:17
115,Waingapu,ID,-9.6567,120.2641,80.73,81,76,4.36,broken clouds,2022-05-14 14:14:12
116,Iqaluit,CA,63.7506,-68.5145,19.13,73,40,17.27,scattered clouds,2022-05-14 14:14:12
117,Hervey Bay,AU,-25.2986,152.8535,73.02,95,12,3.0,few clouds,2022-05-14 14:14:12
118,Ponta Do Sol,PT,32.6667,-17.1,76.71,65,17,9.91,few clouds,2022-05-14 14:14:13
119,Rena,NO,61.1348,11.3641,56.88,34,100,4.59,overcast clouds,2022-05-14 14:14:13
120,Muravlenko,RU,63.7898,74.523,61.99,52,43,9.01,scattered clouds,2022-05-14 14:14:14
121,Mecca,SA,21.4267,39.8261,102.99,16,0,17.96,clear sky,2022-05-14 14:14:03
122,Ahipara,NZ,-35.1667,173.1667,59.79,80,58,7.65,broken clouds,2022-05-14 14:14:14
123,Niimi,JP,34.9833,133.4667,55.4,60,100,2.68,overcast clouds,2022-05-14 14:14:15
124,Souillac,MU,-20.5167,57.5167,74.37,71,20,9.4,few clouds,2022-05-14 14:14:15
125,Vestmanna,FO,62.1564,-7.1664,47.32,93,100,8.05,light rain,2022-05-14 14:14:16
126,Zhoucheng,CN,35.9122,116.3117,60.03,28,100,3.11,overcast clouds,2022-05-14 14:14:16
127,Lermontovka,RU,47.1453,134.3383,45.7,65,77,6.38,broken clouds,2022-05-14 14:14:16
128,Contamana,PE,-7.3333,-75.0167,84.43,63,94,1.99,overcast clouds,2022-05-14 14:14:17
129,Asau,RO,46.4333,26.4,69.96,58,79,4.43,broken clouds,2022-05-14 14:14:17
130,Xinan,CN,26.72,119.8556,59.92,92,100,3.62,overcast clouds,2022-05-14 14:14:18
131,Zhuhai,CN,22.2769,113.5678,76.86,94,40,12.66,light intensity shower rain,2022-05-14 14:09:55
132,Charlestown,AU,-32.95,151.6667,66.81,97,19,1.99,few clouds,2022-05-14 14:12:01
133,Malakal,SS,9.5334,31.6605,101.05,24,97,5.37,overcast clouds,2022-05-14 14:14:18
134,Frontera,MX,26.9333,-101.45,77.32,69,0,4.61,clear sky,2022-05-14 14:14:19
135,Kurilsk,RU,45.2333,147.8833,43.63,96,100,17.6,overcast clouds,2022-05-14 14:12:23
136,Bethel,US,41.3712,-73.414,76.44,81,100,5.75,overcast clouds,2022-05-14 14:10:42
137,Tasiilaq,GL,65.6145,-37.6368,30.36,61,100,4.83,overcast clouds,2022-05-14 14:15:20
138,Cockburn Town,TC,21.4612,-71.1419,80.56,74,75,11.5,broken clouds,2022-05-14 14:15:14
139,Pedernales,DO,18.0384,-71.744,83.28,63,100,7.83,overcast clouds,2022-05-14 14:15:20
140,Carupano,VE,10.6678,-63.2585,84.07,64,28,8.14,scattered clouds,2022-05-14 14:15:21
141,Trelew,AR,-43.249,-65.3051,50.52,51,0,17.18,clear sky,2022-05-14 14:15:23
142,Bredasdorp,ZA,-34.5322,20.0403,64.72,53,88,7.47,overcast clouds,2022-05-14 14:15:24
143,Road Town,VG,18.4167,-64.6167,82.49,69,40,13.8,scattered clouds,2022-05-14 14:10:58
144,Port Lincoln,AU,-34.7333,135.8667,60.13,85,1,10.87,clear sky,2022-05-14 14:15:24
145,Hadejia,NG,12.4498,10.0444,104.25,16,12,8.48,few clouds,2022-05-14 14:15:25
146,Burnie,AU,-41.0667,145.9167,58.95,91,58,13.47,broken clouds,2022-05-14 14:15:26
147,Puerto Colombia,CO,10.9878,-74.9547,82.49,75,100,5.5,overcast clouds,2022-05-14 14:15:26
148,Kouango,CF,4.9934,19.9619,89.58,49,37,5.88,scattered clouds,2022-05-14 14:15:27
149,Saint-Francois,FR,46.4154,3.9054,81.68,40,0,3.44,clear sky,2022-05-14 14:12:30
150,Hithadhoo,MV,-0.6,73.0833,83.43,70,82,9.44,broken clouds,2022-05-14 14:15:27
151,Bedesa,ET,8.9,40.7833,84.47,20,67,8.57,broken clouds,2022-05-14 14:15:28
152,Grootfontein,NA,-19.5667,18.1167,79.34,14,0,5.35,clear sky,2022-05-14 14:15:28
153,Gat,IL,31.61,34.7642,97.39,32,100,15.05,overcast clouds,2022-05-14 14:15:29
154,Oranjestad,AW,12.524,-70.027,85.95,66,40,26.46,scattered clouds,2022-05-14 14:10:59
155,Kosh-Agach,RU,50.0,88.6667,55.83,27,6,7.78,clear sky,2022-05-14 14:15:29
156,Toamasina,MG,-18.1667,49.3833,77.0,69,20,6.91,few clouds,2022-05-14 14:15:30
157,Soller,ES,39.7662,2.7152,86.04,46,100,1.99,overcast clouds,2022-05-14 14:15:30
158,Bonito,BR,-21.1211,-56.4819,80.91,54,0,7.34,light rain,2022-05-14 14:15:31
159,Meadow Lake,US,34.8014,-106.5436,69.42,12,0,7.09,clear sky,2022-05-14 14:15:31
160,Krasnohrad,UA,49.3814,35.4402,54.45,91,100,4.81,overcast clouds,2022-05-14 14:15:32
161,Nyakabindi,TZ,-2.6333,33.9833,78.35,60,96,3.69,overcast clouds,2022-05-14 14:15:32
162,Chifeng,CN,42.2683,118.9636,50.67,42,6,5.37,clear sky,2022-05-14 14:15:33
163,Mayumba,GA,-3.432,10.6554,81.12,83,64,9.78,light rain,2022-05-14 14:15:33
164,Salalah,OM,17.0151,54.0924,93.29,46,6,3.44,clear sky,2022-05-14 14:15:34
165,Belmonte,BR,-15.8631,-38.8828,77.88,84,96,10.11,overcast clouds,2022-05-14 14:15:35
166,Rocha,UY,-34.4833,-54.3333,62.94,67,7,5.17,clear sky,2022-05-14 14:15:35
167,Martapura,ID,-3.4167,114.85,77.09,100,100,1.14,light rain,2022-05-14 14:15:36
168,Bon Air,US,37.5249,-77.5578,67.08,92,100,0.0,haze,2022-05-14 14:15:36
169,Carnarvon,AU,-24.8667,113.6333,68.04,43,0,15.77,clear sky,2022-05-14 14:15:37
170,Grand Gaube,MU,-20.0064,57.6608,77.4,69,8,4.0,clear sky,2022-05-14 14:15:37
171,Kahului,US,20.8947,-156.47,74.84,77,0,3.0,clear sky,2022-05-14 14:11:16
172,Touros,BR,-5.1989,-35.4608,85.01,70,41,14.9,scattered clouds,2022-05-14 14:14:23
173,Hasaki,JP,35.7333,140.8333,66.6,81,100,22.44,overcast clouds,2022-05-14 14:15:38
174,Erenhot,CN,43.6475,111.9767,55.94,22,45,7.4,scattered clouds,2022-05-14 14:15:38
175,Ribeira Grande,PT,38.5167,-28.7,61.2,94,75,28.77,drizzle rain,2022-05-14 14:15:39
176,Negotin,RS,44.2264,22.5308,80.33,36,63,18.45,broken clouds,2022-05-14 14:15:39
177,Hofn,IS,64.2539,-15.2082,38.77,87,99,13.49,overcast clouds,2022-05-14 14:15:40
178,Husavik,IS,66.0449,-17.3389,39.36,81,100,12.46,overcast clouds,2022-05-14 14:15:40
179,New Norfolk,AU,-42.7826,147.0587,62.1,68,50,3.0,scattered clouds,2022-05-14 14:15:40
180,Coihaique,CL,-45.5752,-72.0662,44.55,81,20,3.44,few clouds,2022-05-14 14:15:41
181,Provideniya,RU,64.3833,-173.3,31.91,95,99,4.54,overcast clouds,2022-05-14 14:16:41
182,Mehamn,NO,71.0357,27.8492,42.71,75,54,4.59,broken clouds,2022-05-14 14:16:42
183,Mwanza,TZ,-2.5167,32.9,79.21,57,67,5.41,broken clouds,2022-05-14 14:16:43
184,Biograd Na Moru,HR,43.9433,15.4519,83.1,67,60,12.64,light rain,2022-05-14 14:16:43
185,Santa Maria Do Suacui,BR,-18.1903,-42.4142,73.02,70,99,4.68,overcast clouds,2022-05-14 14:16:44
186,Cheremukhovo,RU,60.3484,59.9851,45.39,90,100,8.39,light rain,2022-05-14 14:16:45
187,Sainte-Rose,GP,16.3324,-61.6979,83.17,65,75,14.97,broken clouds,2022-05-14 14:16:45
188,Severo-Yeniseyskiy,RU,60.3725,93.0408,48.99,90,0,2.71,clear sky,2022-05-14 14:16:47
189,Pisco,PE,-13.7,-76.2167,63.01,88,100,4.61,mist,2022-05-14 14:16:47
190,Luwuk,ID,-0.9516,122.7875,78.06,90,100,4.05,overcast clouds,2022-05-14 14:16:48
191,Limay,PH,14.5333,120.55,79.34,77,56,4.38,broken clouds,2022-05-14 14:16:49
192,Soyo,AO,-6.1349,12.3689,81.99,75,39,9.51,light rain,2022-05-14 14:16:49
193,Moussoro,TD,13.6408,16.4901,107.31,8,92,9.1,overcast clouds,2022-05-14 14:16:50
194,Victoria,HK,22.2855,114.1577,77.38,93,100,11.01,overcast clouds,2022-05-14 14:16:51
195,Vila Velha,BR,-20.3297,-40.2925,80.55,61,40,12.66,scattered clouds,2022-05-14 14:16:49
196,Ouadda,CF,8.0777,22.4007,89.64,43,100,2.35,light rain,2022-05-14 14:16:52
197,Jacareacanga,BR,-6.2222,-57.7528,81.25,86,73,3.0,light rain,2022-05-14 14:16:53
198,Yulara,AU,-25.2406,130.9889,65.16,57,100,15.64,overcast clouds,2022-05-14 14:16:53
199,Clyde River,CA,70.4692,-68.5914,25.03,80,40,16.11,scattered clouds,2022-05-14 14:16:54
200,Biak,ID,-0.9131,122.8766,76.71,89,100,4.36,overcast clouds,2022-05-14 14:16:55
201,Jega,NG,12.2175,4.3792,101.95,26,100,7.05,overcast clouds,2022-05-14 14:16:55
202,Knysna,ZA,-34.0363,23.0471,64.6,60,15,5.73,few clouds,2022-05-14 14:16:56
203,Lata,PT,40.1629,-8.3327,84.49,40,86,10.07,overcast clouds,2022-05-14 14:16:56
204,Kalmar,SE,56.6616,16.3616,62.15,65,76,5.99,broken clouds,2022-05-14 14:16:57
205,Nyurba,RU,63.2842,118.3319,30.22,82,71,1.57,broken clouds,2022-05-14 14:17:02
206,Aykhal,RU,66.0,111.5,32.94,99,100,1.41,overcast clouds,2022-05-14 14:17:02
207,Aklavik,CA,68.2191,-135.0107,23.0,80,100,10.36,overcast clouds,2022-05-14 14:17:03
208,Maldonado,UY,-34.6667,-54.9167,63.79,59,22,2.62,few clouds,2022-05-14 14:17:03
209,Ulkan,RU,57.243,107.3223,53.08,48,86,3.24,overcast clouds,2022-05-14 14:17:04
210,Grindavik,IS,63.8424,-22.4338,48.15,61,75,9.22,broken clouds,2022-05-14 14:17:05
211,Poum,NC,-20.2333,164.0167,77.11,75,91,21.03,overcast clouds,2022-05-14 14:17:05
212,San Patricio,US,28.017,-97.5169,82.9,66,72,11.77,broken clouds,2022-05-14 14:17:06
213,Goundi,TD,9.3627,17.366,102.24,25,68,3.29,broken clouds,2022-05-14 14:17:06
214,Shelburne,CA,44.0787,-80.2041,74.23,61,0,7.45,clear sky,2022-05-14 14:14:33
215,La Ronge,CA,55.1001,-105.2842,35.85,87,100,13.8,overcast clouds,2022-05-14 14:17:07
216,Raposa,BR,-6.5167,-44.1833,85.96,51,40,10.22,scattered clouds,2022-05-14 14:17:07
217,Massakory,TD,12.996,15.7293,104.86,11,99,9.33,overcast clouds,2022-05-14 14:17:08
218,Kajaani,FI,64.2273,27.7285,60.85,27,0,5.75,clear sky,2022-05-14 14:17:08
219,Haines Junction,CA,60.7522,-137.5108,22.95,86,65,2.3,broken clouds,2022-05-14 14:17:08
220,Cayenne,GF,4.9333,-52.3333,86.04,1,75,9.22,broken clouds,2022-05-14 14:17:09
221,Rexburg,US,43.826,-111.7897,48.0,57,100,0.0,overcast clouds,2022-05-14 14:12:36
222,Codrington,AU,-38.2667,141.9667,54.81,93,0,9.84,clear sky,2022-05-14 14:17:09
223,Mauriti,BR,-7.3892,-38.7744,88.18,44,74,8.55,broken clouds,2022-05-14 14:17:10
224,Florida,US,28.7505,-82.5001,80.91,71,0,0.0,clear sky,2022-05-14 14:13:46
225,Labuhan,ID,-6.8844,112.2051,82.17,78,94,3.62,overcast clouds,2022-05-14 14:18:10
226,Vanimo,PG,-2.6741,141.3028,78.93,83,95,3.38,overcast clouds,2022-05-14 14:18:11
227,Helong,CN,42.5397,128.9972,39.7,83,90,7.11,overcast clouds,2022-05-14 14:18:11
228,Kaeo,NZ,-35.1,173.7833,53.33,91,54,4.81,broken clouds,2022-05-14 14:18:16
229,Tiznit,MA,29.5833,-9.5,85.64,27,40,9.31,scattered clouds,2022-05-14 14:18:16
230,Mahibadhoo,MV,3.7833,72.9667,83.95,74,100,17.6,light rain,2022-05-14 14:18:17
231,Muros,ES,42.7762,-9.0603,87.67,47,72,6.17,broken clouds,2022-05-14 14:18:17
232,Mogadishu,SO,2.0371,45.3438,82.56,77,25,15.68,scattered clouds,2022-05-14 14:18:17
233,Klaksvik,FO,62.2266,-6.589,49.12,86,100,6.8,overcast clouds,2022-05-14 14:18:18
234,Sinnamary,GF,5.3833,-52.95,80.38,88,91,8.12,moderate rain,2022-05-14 14:18:18
235,Mahebourg,MU,-20.4081,57.7,77.29,69,40,6.91,scattered clouds,2022-05-14 14:18:19
236,Esperance,AU,-33.8667,121.9,58.44,79,27,16.64,light rain,2022-05-14 14:18:19
237,Iskateley,RU,67.6803,53.1512,58.3,64,14,9.4,few clouds,2022-05-14 14:18:20
238,Saquena,PE,-4.6667,-73.5167,81.84,76,48,2.3,scattered clouds,2022-05-14 14:18:20
239,Bud,US,39.447,-86.1758,78.93,70,21,4.94,few clouds,2022-05-14 14:18:21
240,Tevaitoa,PF,-16.7833,-151.5,80.96,65,0,13.42,clear sky,2022-05-14 14:18:21
241,Isangel,VU,-19.55,169.2667,74.93,70,92,9.93,overcast clouds,2022-05-14 14:18:22
242,Leningradskiy,RU,69.3833,178.4167,28.29,84,100,7.07,overcast clouds,2022-05-14 14:18:22
243,Mormugao,IN,15.4,73.8,83.71,77,41,12.03,scattered clouds,2022-05-14 14:18:23
244,Talnakh,RU,69.4865,88.3972,35.69,100,100,5.93,overcast clouds,2022-05-14 14:18:23
245,Amapa,BR,1.0,-52.0,81.14,82,100,2.75,overcast clouds,2022-05-14 14:18:24
246,Kerewan,GM,13.4898,-16.0888,101.21,20,99,3.96,overcast clouds,2022-05-14 14:18:24
247,Umm Kaddadah,SD,13.6017,26.6876,104.5,13,11,3.11,few clouds,2022-05-14 14:18:24
248,Wanning,CN,18.8003,110.3967,80.31,86,99,3.6,heavy intensity rain,2022-05-14 14:18:25
249,Vidalia,US,32.2177,-82.4135,69.75,88,100,0.0,overcast clouds,2022-05-14 14:18:25
250,Kungsbacka,SE,57.4872,12.0761,59.74,71,70,25.01,broken clouds,2022-05-14 14:18:26
251,Port-Gentil,GA,-0.7193,8.7815,85.96,74,40,12.66,scattered clouds,2022-05-14 14:18:26
252,Anloga,GH,5.7947,0.8973,85.42,71,100,10.2,overcast clouds,2022-05-14 14:18:27
253,Adrar,MR,20.5022,-10.0711,103.8,7,11,11.34,few clouds,2022-05-14 14:18:27
254,Porbandar,IN,21.6422,69.6093,85.19,78,0,13.13,clear sky,2022-05-14 14:18:28
255,Southbridge,US,42.0751,-72.0334,79.27,69,35,4.0,scattered clouds,2022-05-14 14:18:15
256,Tambacounda,SN,13.7539,-13.7586,106.39,13,100,6.13,overcast clouds,2022-05-14 14:18:28
257,Teguldet,RU,57.3064,88.1667,65.98,37,100,2.62,overcast clouds,2022-05-14 14:18:29
258,Nazarovo,RU,56.0064,90.3914,67.87,32,76,3.31,broken clouds,2022-05-14 14:18:30
259,Orocue,CO,4.7912,-71.3354,80.67,80,99,7.7,overcast clouds,2022-05-14 14:18:30
260,Sechura,PE,-5.5569,-80.8222,69.67,75,51,9.82,broken clouds,2022-05-14 14:18:31
261,San Clemente,US,33.427,-117.612,70.75,49,100,1.52,overcast clouds,2022-05-14 14:14:18
262,Ostrovnoy,RU,68.0531,39.5131,40.84,76,100,8.39,overcast clouds,2022-05-14 14:18:31
263,Kendari,ID,-3.945,122.4989,77.7,90,21,0.83,few clouds,2022-05-14 14:18:31
264,Kingsville,US,27.5159,-97.8561,82.36,69,0,18.41,clear sky,2022-05-14 14:17:32
265,Skjervoy,NO,70.0311,20.9714,46.4,90,100,5.46,overcast clouds,2022-05-14 14:18:32
266,Port Elizabeth,ZA,-33.918,25.5701,67.1,78,20,14.97,few clouds,2022-05-14 14:18:32
267,Georgetown,MY,5.4112,100.3354,85.95,78,20,6.91,few clouds,2022-05-14 14:18:33
268,Uni,RU,57.7535,51.4923,52.07,74,98,11.16,light rain,2022-05-14 14:18:33
269,Victor Harbor,AU,-35.5667,138.6167,60.01,86,14,9.35,few clouds,2022-05-14 14:18:34
270,Neiafu,TO,-18.65,-173.9833,63.28,100,40,0.0,scattered clouds,2022-05-14 14:19:34
271,Okato,NZ,-39.2,173.8833,64.18,96,100,8.01,moderate rain,2022-05-14 14:19:35
272,Dikson,RU,73.5069,80.5464,32.27,96,100,11.54,overcast clouds,2022-05-14 14:19:36
273,Cidreira,BR,-30.1811,-50.2056,66.81,77,80,17.54,broken clouds,2022-05-14 14:19:36
274,Farah,AF,32.5,62.5,75.88,22,0,15.21,clear sky,2022-05-14 14:19:37
275,Seoul,KR,37.5683,126.9778,56.64,47,0,6.91,clear sky,2022-05-14 14:19:37
276,Ulladulla,AU,-35.35,150.4667,64.76,81,67,6.62,broken clouds,2022-05-14 14:19:38
277,Dunajska Streda,SK,47.9927,17.6121,77.11,45,99,10.33,overcast clouds,2022-05-14 14:19:38
278,Sumisip,PH,6.4197,121.9714,79.39,87,100,1.23,overcast clouds,2022-05-14 14:19:39
279,Korla,CN,41.7597,86.1469,73.38,23,5,5.79,clear sky,2022-05-14 14:19:39
280,Callaway,US,30.153,-85.5699,81.91,75,0,3.0,clear sky,2022-05-14 14:19:39
281,Snyder,US,32.7179,-100.9176,79.32,53,0,5.75,clear sky,2022-05-14 14:19:40
282,Inuvik,CA,68.3499,-133.7218,23.76,86,75,11.5,light snow,2022-05-14 14:19:40
283,Mogzon,RU,51.7435,111.9606,44.24,47,93,4.25,overcast clouds,2022-05-14 14:19:41
284,Guerrero Negro,MX,27.9769,-114.0611,62.02,77,56,5.19,broken clouds,2022-05-14 14:15:21
285,Sao Filipe,CV,14.8961,-24.4956,78.31,62,14,2.86,few clouds,2022-05-14 14:19:41
286,Saldanha,ZA,-33.0117,17.9442,62.08,70,0,15.01,clear sky,2022-05-14 14:19:42
287,Cabo San Lucas,MX,22.8909,-109.9124,77.5,81,84,0.72,broken clouds,2022-05-14 14:19:42
288,Lorengau,PG,-2.0226,147.2712,82.18,68,6,7.25,clear sky,2022-05-14 14:19:43
289,Upington,ZA,-28.4478,21.2561,75.58,16,0,5.75,clear sky,2022-05-14 14:16:18
290,Srednekolymsk,RU,67.45,153.6833,25.84,96,100,10.2,snow,2022-05-14 14:19:43
291,Gornopravdinsk,RU,60.05,69.9,53.47,91,100,3.83,moderate rain,2022-05-14 14:19:44
292,Mount Isa,AU,-20.7333,139.5,56.97,77,1,4.61,clear sky,2022-05-14 14:19:44
293,Uchaly,RU,54.2996,59.4521,53.38,59,78,10.22,broken clouds,2022-05-14 14:19:45
294,Doha,QA,25.2867,51.5333,91.71,20,0,17.27,dust,2022-05-14 14:19:45
295,Resistencia,AR,-27.4606,-58.9839,66.18,82,0,4.61,clear sky,2022-05-14 14:19:45
296,Evensk,RU,61.95,159.2333,33.35,99,100,7.52,overcast clouds,2022-05-14 14:19:46
297,Raga,SS,8.4596,25.678,90.34,41,34,10.0,scattered clouds,2022-05-14 14:19:46
298,Freeport,US,40.6576,-73.5832,71.96,84,100,5.75,mist,2022-05-14 14:19:47
299,Taquari,BR,-29.7997,-51.8644,67.32,68,95,1.14,overcast clouds,2022-05-14 14:19:47
300,Lahij,YE,13.1667,44.5833,95.41,18,4,10.54,clear sky,2022-05-14 14:19:48
301,Ilhabela,BR,-23.7781,-45.3581,74.07,75,25,7.61,scattered clouds,2022-05-14 14:19:48
302,Panama City,PA,8.9936,-79.5197,82.17,90,40,3.44,scattered clouds,2022-05-14 14:19:32
303,Turukhansk,RU,65.8167,87.9833,51.67,81,34,5.88,scattered clouds,2022-05-14 14:19:49
304,Canaries,ES,28.0,-15.5,66.16,73,75,16.11,broken clouds,2022-05-14 14:19:49
305,Coos Bay,US,43.3665,-124.2179,56.98,97,100,16.11,mist,2022-05-14 14:18:57
306,Bridlington,GB,54.0831,-0.1919,70.9,71,100,5.46,overcast clouds,2022-05-14 14:19:50
307,Tuatapere,NZ,-46.1333,167.6833,46.36,93,100,3.2,overcast clouds,2022-05-14 14:19:50
308,Zeya,RU,53.75,127.2667,42.21,53,3,12.17,clear sky,2022-05-14 14:19:50
309,Sabha,LY,27.0377,14.4283,82.6,16,0,10.13,clear sky,2022-05-14 14:19:51
310,Samarai,PG,-10.6167,150.6667,81.9,77,38,9.95,scattered clouds,2022-05-14 14:19:51
311,Quelimane,MZ,-17.8786,36.8883,76.95,78,75,5.75,broken clouds,2022-05-14 14:19:52
312,Nome,US,64.5011,-165.4064,26.67,80,0,5.75,clear sky,2022-05-14 14:19:52
313,Najran,SA,17.4924,44.1277,89.33,9,0,16.93,clear sky,2022-05-14 14:19:53
314,Ambon,ID,-3.6954,128.1814,78.94,89,20,2.3,few clouds,2022-05-14 14:19:53
315,Paragould,US,36.0584,-90.4973,75.85,73,100,6.89,overcast clouds,2022-05-14 14:19:53
316,Gazli,UZ,40.1333,63.45,77.31,18,2,15.59,clear sky,2022-05-14 14:19:54
317,Wilmington,US,34.2257,-77.9447,78.71,75,40,9.22,scattered clouds,2022-05-14 14:15:21
318,College,US,64.8569,-147.8028,35.29,94,75,1.01,broken clouds,2022-05-14 14:20:54
319,Dwarahat,IN,29.7833,79.4333,77.67,19,34,2.35,scattered clouds,2022-05-14 14:20:55
320,Bocanda,CI,7.0626,-4.4995,86.4,66,100,3.09,overcast clouds,2022-05-14 14:20:55
321,Olafsvik,IS,64.8945,-23.7142,39.83,63,41,9.4,scattered clouds,2022-05-14 14:20:56
322,San Isidro,PE,-12.1167,-77.05,67.01,78,100,4.61,overcast clouds,2022-05-14 14:20:56
323,Batagay-Alyta,RU,67.8006,130.4114,3.34,95,13,6.82,few clouds,2022-05-14 14:20:57
324,Whitehorse,CA,60.7161,-135.0538,35.1,55,75,8.05,broken clouds,2022-05-14 14:20:57
325,Buchanan,LR,5.8808,-10.0467,85.19,73,54,8.16,light rain,2022-05-14 14:20:57
326,Republic,US,37.12,-93.4802,73.87,75,0,6.91,clear sky,2022-05-14 14:20:58
327,Ozernovskiy,RU,51.5,156.5167,41.25,90,88,13.58,overcast clouds,2022-05-14 14:20:59
328,Anadyr,RU,64.75,177.4833,37.9,86,0,11.18,clear sky,2022-05-14 14:20:59
329,Honiara,SB,-9.4333,159.95,77.43,88,9,2.59,clear sky,2022-05-14 14:20:59
330,Norwich,GB,52.6278,1.2983,73.02,50,20,5.75,few clouds,2022-05-14 14:21:00
331,Gizo,SB,-8.103,156.8419,81.86,77,13,3.36,light rain,2022-05-14 14:21:00
332,San Pedro Carcha,GT,15.4833,-90.2667,59.61,100,20,0.0,few clouds,2022-05-14 14:21:01
333,Sambava,MG,-14.2667,50.1667,78.19,69,0,17.58,clear sky,2022-05-14 14:21:01
334,Port Hardy,CA,50.6996,-127.4199,42.98,93,100,2.3,overcast clouds,2022-05-14 14:20:07
335,Asfi,MA,32.2994,-9.2372,67.62,77,45,9.15,scattered clouds,2022-05-14 14:21:02
336,Griffith,US,41.5284,-87.4237,78.73,61,75,5.75,broken clouds,2022-05-14 14:21:02
337,Raudeberg,NO,61.9875,5.1352,48.87,78,89,16.46,overcast clouds,2022-05-14 14:21:03
338,Pulandian,CN,39.3953,121.9669,52.61,43,5,7.67,clear sky,2022-05-14 14:21:04
339,Mount Gambier,AU,-37.8333,140.7667,57.11,94,75,8.05,broken clouds,2022-05-14 14:21:04
340,Matsuura,JP,33.3271,129.721,60.89,65,86,6.13,overcast clouds,2022-05-14 14:21:05
341,Sonepur,IN,20.8333,83.9167,99.0,23,79,8.66,broken clouds,2022-05-14 14:21:06
342,Myanaung,MM,18.2833,95.3167,88.34,55,36,5.84,scattered clouds,2022-05-14 14:21:06
343,Vila,PT,42.0304,-8.1588,76.08,48,72,5.53,broken clouds,2022-05-14 14:21:07
344,Khorixas,NA,-20.3667,14.9667,86.16,13,0,6.17,clear sky,2022-05-14 14:21:08
345,Emerald,AU,-23.5333,148.1667,70.34,85,34,6.82,scattered clouds,2022-05-14 14:20:43
346,Kirakira,SB,-10.4544,161.9205,79.12,85,8,4.43,clear sky,2022-05-14 14:21:08
347,North Battleford,CA,52.7834,-108.2847,44.69,57,20,16.11,few clouds,2022-05-14 14:21:09
348,Geraldton,AU,-28.7667,114.6,59.41,88,75,8.05,broken clouds,2022-05-14 14:21:09
349,Kaitangata,NZ,-46.2817,169.8464,43.9,86,100,1.79,overcast clouds,2022-05-14 14:21:10
350,Leh,IN,34.1667,77.5833,54.37,13,0,8.16,clear sky,2022-05-14 14:21:10
351,Macaravita,CO,6.5057,-72.593,67.26,69,78,4.99,broken clouds,2022-05-14 14:21:11
352,San Cristobal,VE,7.7669,-72.225,75.38,63,100,7.61,overcast clouds,2022-05-14 14:21:11
353,Mahajanga,MG,-15.7167,46.3167,86.02,54,20,6.91,few clouds,2022-05-14 14:21:12
354,Tura,IN,25.5198,90.2201,75.29,92,50,9.51,heavy intensity rain,2022-05-14 14:21:12
355,Hastings,GB,50.8552,0.5729,70.79,51,6,6.33,clear sky,2022-05-14 14:18:26
356,Faya,SA,18.3851,42.4509,82.92,11,28,15.86,scattered clouds,2022-05-14 14:21:13
357,Ukiah,US,39.1502,-123.2078,56.37,91,0,0.0,clear sky,2022-05-14 14:21:14
358,Los Llanos De Aridane,ES,28.6585,-17.9182,71.35,73,75,10.0,broken clouds,2022-05-14 14:21:14
359,Kyabe,TD,9.4515,18.9449,99.88,27,98,3.49,overcast clouds,2022-05-14 14:21:14
360,Yinchuan,CN,38.4681,106.2731,60.98,18,53,4.81,broken clouds,2022-05-14 14:21:15
361,Kerman,IR,30.2832,57.0788,69.66,26,75,13.8,broken clouds,2022-05-14 14:21:16
362,Tromso,NO,69.6496,18.957,48.22,57,40,4.61,scattered clouds,2022-05-14 14:21:16
363,Bonthe,SL,7.5264,-12.505,86.27,67,65,10.31,light rain,2022-05-14 14:22:16
364,Sur,OM,22.5667,59.5289,86.76,64,0,10.27,clear sky,2022-05-14 14:22:17
365,Kyra,RU,49.5776,111.9753,48.78,39,99,5.91,overcast clouds,2022-05-14 14:22:17
366,Lewistown,US,40.5992,-77.5714,72.12,94,100,0.0,overcast clouds,2022-05-14 14:22:18
367,Salair,RU,54.2312,85.7972,63.64,48,98,2.15,overcast clouds,2022-05-14 14:22:18
368,Kargasok,RU,59.0556,80.8572,68.76,37,100,6.26,overcast clouds,2022-05-14 14:22:19
369,Kaa-Khem,RU,51.6833,94.7333,60.8,22,10,2.33,clear sky,2022-05-14 14:22:19
370,Ayan,RU,56.45,138.1667,32.2,96,100,12.12,overcast clouds,2022-05-14 14:22:20
371,Lasa,IT,46.6166,10.7002,71.69,65,11,2.71,few clouds,2022-05-14 14:22:20
372,Sehithwa,BW,-20.4667,22.7167,86.77,14,1,3.78,clear sky,2022-05-14 14:22:21
373,Kalabo,ZM,-14.97,22.6814,83.75,25,4,6.62,clear sky,2022-05-14 14:22:21
374,Warrnambool,AU,-38.3833,142.4833,58.8,89,0,12.15,clear sky,2022-05-14 14:22:22
375,Yining,CN,29.0361,114.5636,58.32,98,100,3.0,overcast clouds,2022-05-14 14:22:22
376,Iberia,US,29.9502,-91.7507,81.99,88,20,4.61,few clouds,2022-05-14 14:21:44
377,Karratha,AU,-20.7377,116.8463,77.47,52,0,12.44,clear sky,2022-05-14 14:22:23
378,Rorvik,NO,64.8621,11.2373,44.2,83,100,24.87,light rain,2022-05-14 14:22:23
379,Okhotsk,RU,59.3833,143.3,32.7,99,100,8.5,light snow,2022-05-14 14:22:24
380,Kenai,US,60.5544,-151.2583,40.08,68,0,11.5,clear sky,2022-05-14 14:22:24
381,Laguna,US,38.421,-121.4238,65.08,86,0,0.0,clear sky,2022-05-14 14:22:24
382,Plouzane,FR,48.3833,-4.6167,68.05,63,0,16.11,clear sky,2022-05-14 14:22:25
383,Chara,RU,56.9064,118.2631,36.64,75,71,3.58,broken clouds,2022-05-14 14:22:25
384,Villanueva De La Serena,ES,38.9766,-5.7974,90.99,19,8,18.75,clear sky,2022-05-14 14:22:26
385,Umkomaas,ZA,-30.2067,30.7978,71.6,86,100,11.83,light rain,2022-05-14 14:22:26
386,Tabuk,PH,17.4189,121.4443,73.63,94,100,3.4,overcast clouds,2022-05-14 14:22:27
387,Alofi,NU,-19.0595,-169.9187,71.49,73,100,6.91,overcast clouds,2022-05-14 14:22:27
388,Muret,FR,43.3333,1.25,87.6,38,100,4.0,overcast clouds,2022-05-14 14:22:27
389,Bollnas,SE,61.3482,16.3946,57.9,32,99,12.28,overcast clouds,2022-05-14 14:22:28
390,Darab,IR,28.7519,54.5444,81.79,18,0,26.22,clear sky,2022-05-14 14:22:28
391,Vao,NC,-22.6667,167.4833,73.26,76,99,17.31,overcast clouds,2022-05-14 14:22:29
392,Namibe,AO,-15.1961,12.1522,80.2,53,0,12.21,clear sky,2022-05-14 14:22:29
393,Carmarthen,GB,51.8555,-4.3054,62.38,72,8,8.05,clear sky,2022-05-14 14:22:30
394,Sitka,US,57.0531,-135.33,39.09,81,40,6.91,scattered clouds,2022-05-14 14:22:30
395,Constitucion,CL,-35.3333,-72.4167,53.35,51,100,6.53,overcast clouds,2022-05-14 14:22:31
396,Yar-Sale,RU,66.8333,70.8333,37.74,100,100,11.77,overcast clouds,2022-05-14 14:22:31
397,Anshun,CN,26.25,105.9333,51.37,90,100,14.09,overcast clouds,2022-05-14 14:22:31
398,Sao Joao Da Barra,BR,-21.6403,-41.0511,77.09,64,11,6.71,few clouds,2022-05-14 14:22:32
399,Kunri,PK,25.1785,69.5691,105.75,8,0,24.47,clear sky,2022-05-14 14:22:32
400,Prince Rupert,CA,54.3161,-130.3201,44.29,85,0,13.8,clear sky,2022-05-14 14:22:33
401,Pevek,RU,69.7008,170.3133,33.62,87,100,17.09,overcast clouds,2022-05-14 14:22:33
402,Kourou,GF,5.1552,-52.6478,86.05,87,83,6.06,moderate rain,2022-05-14 14:22:34
403,Egvekinot,RU,66.3167,-179.1667,25.11,98,100,2.73,overcast clouds,2022-05-14 14:22:34
404,Nianzishan,CN,47.5167,122.8833,52.25,43,93,5.86,overcast clouds,2022-05-14 14:22:35
405,Wanaka,NZ,-44.7,169.15,52.11,89,100,0.89,overcast clouds,2022-05-14 14:22:35
406,Matamoros,MX,25.5333,-103.25,77.11,44,0,0.0,clear sky,2022-05-14 14:20:00
407,Luganville,VU,-15.5333,167.1667,77.25,77,99,8.5,overcast clouds,2022-05-14 14:22:36
408,Marzuq,YE,14.4,46.4667,91.2,8,91,18.52,overcast clouds,2022-05-14 14:22:36
409,Kitui,KE,-1.367,38.0106,77.5,51,82,10.38,broken clouds,2022-05-14 14:22:37
410,Unai,BR,-16.3575,-46.9061,84.7,42,13,7.29,few clouds,2022-05-14 14:23:37
411,Pskov,RU,57.8136,28.3496,49.91,87,100,6.71,light intensity shower rain,2022-05-14 14:20:42
412,Broome,US,42.2506,-75.833,74.7,66,20,8.05,few clouds,2022-05-14 14:23:38
413,Pitimbu,BR,-7.4706,-34.8086,82.99,80,87,10.89,overcast clouds,2022-05-14 14:23:38
414,Chanute,US,37.6792,-95.4572,76.44,69,0,0.0,clear sky,2022-05-14 14:23:39
415,Te Anau,NZ,-45.4167,167.7167,48.92,93,100,1.83,overcast clouds,2022-05-14 14:23:39
416,Kangasala,FI,61.4638,24.076,55.33,60,100,6.17,light rain,2022-05-14 14:23:40
417,Ivanava,BY,52.1451,25.5365,58.46,69,81,18.92,light rain,2022-05-14 14:23:40
418,Atherton,GB,53.5237,-2.4935,70.05,50,96,3.0,overcast clouds,2022-05-14 14:23:41
419,Volovo,UA,48.5246,23.5056,67.53,40,49,5.12,scattered clouds,2022-05-14 14:23:41
420,Sorbhog,IN,26.5,90.8667,79.16,87,0,5.12,clear sky,2022-05-14 14:23:42
421,Broken Hill,AU,-31.95,141.4333,61.02,65,100,6.11,overcast clouds,2022-05-14 14:23:43
422,Norman Wells,CA,65.282,-126.8329,35.64,80,75,17.27,broken clouds,2022-05-14 14:23:43
423,Gorontalo,ID,0.5412,123.0595,75.58,97,99,2.64,light rain,2022-05-14 14:23:43
424,Grand-Lahou,CI,5.1367,-5.0242,76.12,85,100,4.76,light rain,2022-05-14 14:23:44
425,Henties Bay,NA,-22.116,14.2845,62.74,67,0,10.29,clear sky,2022-05-14 14:23:44
426,Malm,NO,64.0721,11.2172,44.78,82,97,18.34,light rain,2022-05-14 14:23:45
427,Sawakin,SD,19.1059,37.3321,91.22,51,1,9.31,clear sky,2022-05-14 14:23:45
428,Beyneu,KZ,45.3167,55.2,75.49,29,8,13.27,clear sky,2022-05-14 14:23:46
429,Camacha,PT,33.0833,-16.3333,67.42,68,20,17.27,few clouds,2022-05-14 14:23:46
430,Manokwari,ID,-0.8667,134.0833,79.81,78,100,3.02,overcast clouds,2022-05-14 14:23:46
431,Bani,DO,18.2833,-70.3333,83.64,72,100,11.88,overcast clouds,2022-05-14 14:23:47
432,Padang,ID,-0.9492,100.3543,84.25,83,6,3.47,clear sky,2022-05-14 14:23:47
433,Cochabamba,BO,-17.3895,-66.1568,67.19,44,20,4.61,few clouds,2022-05-14 14:20:29
434,Oussouye,SN,12.485,-16.5469,98.78,34,74,9.57,broken clouds,2022-05-14 14:23:48
435,Qena,EG,26.1615,32.7183,112.84,4,3,13.0,clear sky,2022-05-14 14:23:48
436,Oroville,US,39.5138,-121.5564,64.96,58,0,1.99,clear sky,2022-05-14 14:21:09
437,Waipawa,NZ,-41.4122,175.5153,56.64,93,91,5.01,overcast clouds,2022-05-14 14:23:49
438,Ormara,PK,25.2088,64.6357,83.79,83,0,14.2,clear sky,2022-05-14 14:23:49
439,Caucaia,BR,-3.7361,-38.6531,88.3,69,40,18.41,scattered clouds,2022-05-14 14:23:50
440,Bandarbeyla,SO,9.4942,50.8122,86.04,70,3,21.79,clear sky,2022-05-14 14:23:50
441,Richards Bay,ZA,-28.783,32.0377,70.52,84,100,7.54,overcast clouds,2022-05-14 14:23:51
442,Bay Roberts,CA,47.5999,-53.2648,40.05,88,100,10.0,light rain,2022-05-14 14:23:51
443,Komsomolskiy,UZ,40.4272,71.7189,61.52,77,75,2.3,broken clouds,2022-05-14 14:23:51
444,Portland,US,45.5234,-122.6762,57.61,94,100,8.05,mist,2022-05-14 14:19:28
445,Chapais,CA,49.7834,-74.8492,55.18,70,93,5.77,overcast clouds,2022-05-14 14:23:52
446,Loandjili,CG,-4.7561,11.8578,81.73,78,43,9.86,scattered clouds,2022-05-14 14:23:52
447,Coahuayana,MX,18.7333,-103.6833,81.28,55,100,1.81,overcast clouds,2022-05-14 14:23:53
448,Moerai,PF,-22.4333,-151.3333,78.89,80,16,18.39,few clouds,2022-05-14 14:23:53
449,Piacabucu,BR,-10.4056,-36.4344,81.16,80,84,11.77,broken clouds,2022-05-14 14:23:54
450,Ilula,TZ,-7.6766,36.0366,77.54,75,78,7.25,broken clouds,2022-05-14 14:23:54
451,Catuday,PH,16.2923,119.8062,83.57,71,100,1.77,overcast clouds,2022-05-14 14:23:55
452,Yuma,US,32.7253,-114.6244,78.89,20,0,4.61,clear sky,2022-05-14 14:21:10
453,Marsassoum,SN,12.8275,-15.9806,98.69,20,62,3.38,broken clouds,2022-05-14 14:23:55
454,Khandbari,NP,27.3747,87.2039,73.18,80,59,2.26,broken clouds,2022-05-14 14:23:56
455,Flinders,AU,-34.5833,150.8552,69.19,92,19,5.01,few clouds,2022-05-14 14:23:56
456,Kedrovyy,RU,56.1667,91.8167,61.21,37,4,2.8,clear sky,2022-05-14 14:23:56
457,Tenosique,MX,17.4833,-91.4333,80.56,58,6,3.98,clear sky,2022-05-14 14:24:57
458,Buzmeyin,TM,38.0507,58.2056,73.13,35,40,4.61,scattered clouds,2022-05-14 14:24:57
459,Anchorage,US,61.2181,-149.9003,38.66,85,0,6.91,clear sky,2022-05-14 14:20:03
460,Elat,IL,29.5581,34.9482,100.24,13,61,14.97,dust,2022-05-14 14:24:58
461,Foshan,CN,23.0268,113.1315,73.44,86,100,5.79,light rain,2022-05-14 14:24:58
462,Hagi,JP,34.4,131.4167,58.86,55,98,1.3,overcast clouds,2022-05-14 14:24:59
463,Chokurdakh,RU,70.6333,147.9167,9.23,96,98,5.3,overcast clouds,2022-05-14 14:24:19
464,Deputatskiy,RU,69.3,139.9,10.31,95,100,2.77,overcast clouds,2022-05-14 14:25:00
465,Nizwa,OM,22.9333,57.5333,97.92,13,0,9.57,clear sky,2022-05-14 14:25:01
466,Saurimo,AO,-9.6608,20.3916,85.21,28,9,7.02,clear sky,2022-05-14 14:25:01
467,Lodja,CD,-3.4833,23.4333,91.81,38,97,3.02,overcast clouds,2022-05-14 14:25:02
468,Rio Gallegos,AR,-51.6226,-69.2181,39.25,70,0,11.5,clear sky,2022-05-14 14:25:02
469,Nizhnyaya Tura,RU,58.6293,59.8118,52.84,66,96,9.73,overcast clouds,2022-05-14 14:25:03
470,Miandoab,IR,36.9694,46.1027,73.78,24,0,2.33,clear sky,2022-05-14 14:25:03
471,Chulman,RU,56.8479,124.9104,18.99,93,34,4.05,scattered clouds,2022-05-14 14:25:04
472,Tabou,CI,4.423,-7.3528,81.68,83,86,8.52,moderate rain,2022-05-14 14:25:04
473,Kieta,PG,-6.2167,155.6333,77.43,81,24,0.96,few clouds,2022-05-14 14:25:05
474,Itarema,BR,-2.9248,-39.9167,79.97,83,100,12.57,overcast clouds,2022-05-14 14:25:05
475,Siniscola,IT,40.5719,9.6922,76.55,49,3,6.06,clear sky,2022-05-14 14:25:06
476,Araouane,ML,18.9048,-3.5265,102.16,5,38,21.99,scattered clouds,2022-05-14 14:25:07
477,Qaqortoq,GL,60.7167,-46.0333,32.77,75,93,7.78,overcast clouds,2022-05-14 14:25:07
478,Kysyl-Syr,RU,63.8986,122.7617,24.55,89,7,3.76,clear sky,2022-05-14 14:25:08
479,Port Hedland,AU,-20.3167,118.5667,73.45,78,1,5.75,clear sky,2022-05-14 14:25:09
480,Ajtos,BG,42.7,27.25,81.18,47,65,4.18,broken clouds,2022-05-14 14:25:09
481,Opuwo,NA,-18.0607,13.84,84.56,17,3,6.4,clear sky,2022-05-14 14:25:10
482,Kangaatsiaq,GL,68.3065,-53.4641,25.03,77,95,7.61,overcast clouds,2022-05-14 14:25:11
483,Katav-Ivanovsk,RU,54.7531,58.1956,53.24,67,29,10.18,scattered clouds,2022-05-14 14:25:11
484,Goderich,CA,43.7501,-81.7165,73.72,64,6,6.91,clear sky,2022-05-14 14:25:12
485,Limbang,MY,4.75,115.0,84.31,87,100,1.19,overcast clouds,2022-05-14 14:25:12
486,Rawah,IQ,34.4816,41.9093,91.83,9,96,12.08,overcast clouds,2022-05-14 14:25:13
487,Athens,GR,37.9795,23.7162,80.53,51,20,10.36,few clouds,2022-05-14 14:24:08
488,Beira,MZ,-19.8436,34.8389,80.69,61,20,8.05,few clouds,2022-05-14 14:25:13
489,Pangnirtung,CA,66.1451,-65.7125,17.6,79,40,5.75,scattered clouds,2022-05-14 14:25:14
490,Verkhoyansk,RU,67.5447,133.385,22.33,80,100,7.31,overcast clouds,2022-05-14 14:25:14
491,Ixtapa,MX,20.7,-105.2,79.23,78,75,1.01,broken clouds,2022-05-14 14:25:15
492,Mount Hagen,PG,-5.8581,144.2274,59.99,99,100,2.48,overcast clouds,2022-05-14 14:25:15
493,Kavaratti,IN,10.5669,72.642,80.26,83,100,26.49,overcast clouds,2022-05-14 14:25:16
494,Basoko,CD,1.2391,23.616,84.42,60,94,5.35,overcast clouds,2022-05-14 14:25:16
495,Fort Nelson,CA,58.8053,-122.7002,42.39,100,100,0.0,moderate rain,2022-05-14 14:25:17
496,Coolum Beach,AU,-26.5333,153.1,73.11,100,37,1.7,scattered clouds,2022-05-14 14:25:17
497,Ankang,CN,32.68,109.0172,51.33,94,100,2.3,overcast clouds,2022-05-14 14:25:18
498,Riachao Das Neves,BR,-11.7461,-44.91,89.42,34,100,6.4,overcast clouds,2022-05-14 14:25:18
499,Asola,IT,45.2211,10.4136,84.79,48,2,3.98,clear sky,2022-05-14 14:26:19
500,Torres,BR,-29.3353,-49.7269,70.83,73,51,10.07,broken clouds,2022-05-14 14:26:19
501,Cranbrook,CA,49.4999,-115.7688,37.24,70,75,2.3,broken clouds,2022-05-14 14:24:55
502,Yumen,CN,40.2833,97.2,54.39,18,93,9.13,overcast clouds,2022-05-14 14:26:20
503,Diffa,NE,13.3154,12.6113,104.85,7,7,10.18,clear sky,2022-05-14 14:26:20
504,Itoman,JP,26.1247,127.6694,74.17,96,75,10.36,light intensity shower rain,2022-05-14 14:26:20
505,Voh,NC,-20.9667,164.7,71.51,89,100,4.18,overcast clouds,2022-05-14 14:26:21
506,Yeghegnut,AM,40.0919,44.1602,77.09,29,92,5.12,overcast clouds,2022-05-14 14:26:21
507,Winnipeg,CA,49.8844,-97.147,51.1,68,75,20.71,broken clouds,2022-05-14 14:25:17
508,Dunedin,NZ,-45.8742,170.5036,47.8,86,100,3.67,overcast clouds,2022-05-14 14:26:22
509,Magdalena,PH,14.1999,121.429,84.34,85,92,1.79,overcast clouds,2022-05-14 14:26:22
510,Sorong,ID,-0.8833,131.25,79.34,81,100,2.84,overcast clouds,2022-05-14 14:26:23
511,Ouango,CF,4.3133,22.5552,89.08,50,90,4.88,overcast clouds,2022-05-14 14:26:23
512,Omsukchan,RU,62.5333,155.8,28.0,98,94,8.01,overcast clouds,2022-05-14 14:26:24
513,Takoradi,GH,4.8845,-1.7554,85.14,69,76,10.58,broken clouds,2022-05-14 14:26:24
514,Saint George,US,37.1041,-113.5841,57.79,14,0,0.0,clear sky,2022-05-14 14:25:37
515,Lokomotivnyy,RU,53.0118,60.5684,58.05,48,13,14.2,few clouds,2022-05-14 14:26:25
516,Schattdorf,CH,46.8655,8.6547,77.59,65,57,5.37,broken clouds,2022-05-14 14:26:25
517,Issoire,FR,45.55,3.25,78.06,50,95,4.16,overcast clouds,2022-05-14 14:26:25
518,Chicama,PE,-7.8447,-79.1469,61.34,78,95,5.79,overcast clouds,2022-05-14 14:26:26
519,Koumac,NC,-20.5667,164.2833,73.74,79,99,3.96,overcast clouds,2022-05-14 14:26:26
520,Petropavlovsk-Kamchatskiy,RU,53.0452,158.6483,37.99,100,100,6.71,light intensity drizzle,2022-05-14 14:26:27
521,Zemio,CF,5.0314,25.1361,90.93,41,86,5.5,overcast clouds,2022-05-14 14:26:27
522,Eyl,SO,7.9803,49.8164,88.83,59,93,27.22,overcast clouds,2022-05-14 14:26:28
523,Elko,US,41.0002,-115.5012,50.05,46,36,4.52,scattered clouds,2022-05-14 14:26:28
524,Sorland,NO,67.667,12.6934,44.46,86,61,25.26,light rain,2022-05-14 14:26:29
525,Beringovskiy,RU,63.05,179.3167,34.05,95,57,5.19,broken clouds,2022-05-14 14:26:29
526,Kamen-Rybolov,RU,44.7481,132.0403,47.08,73,94,12.03,overcast clouds,2022-05-14 14:26:29
527,Povenets,RU,62.8487,34.8262,46.47,85,100,7.58,overcast clouds,2022-05-14 14:26:30
528,Filadelfia,US,39.9523,-75.1638,68.76,95,100,8.05,mist,2022-05-14 14:25:25
529,Ketchikan,US,55.3422,-131.6461,43.27,93,100,3.44,light rain,2022-05-14 14:25:24
530,Abnub,EG,27.2696,31.1511,98.8,15,54,15.21,broken clouds,2022-05-14 14:26:30
531,Oktyabrskiy,RU,54.4815,53.471,57.97,68,70,10.54,broken clouds,2022-05-14 14:26:31
532,Sabak,MY,3.7675,100.9875,79.3,89,100,2.53,heavy intensity rain,2022-05-14 14:26:31
533,Taltal,CL,-25.4,-70.4833,64.33,65,0,5.01,clear sky,2022-05-14 14:26:32
534,Ngama,TD,11.7833,17.1667,104.18,20,100,9.17,overcast clouds,2022-05-14 14:26:32
535,Betioky,MG,-23.7167,44.3833,81.07,32,1,2.59,clear sky,2022-05-14 14:26:33
536,Palmer,US,42.1584,-72.3287,78.62,64,75,3.44,broken clouds,2022-05-14 14:26:33
537,Wenceslau Braz,BR,-23.8739,-49.8028,64.13,70,87,7.99,overcast clouds,2022-05-14 14:26:34
538,Tessalit,ML,20.1986,1.0114,99.39,6,0,9.37,clear sky,2022-05-14 14:26:34
539,Wakkanai,JP,45.4094,141.6739,46.42,84,100,38.68,overcast clouds,2022-05-14 14:26:35
540,Narsaq,GL,60.9167,-46.05,35.82,74,98,3.91,light rain,2022-05-14 14:26:35
541,Grand-Santi,GF,4.25,-54.3833,78.35,91,99,2.66,overcast clouds,2022-05-14 14:26:36
542,University Place,US,47.2356,-122.5504,49.98,94,100,0.0,moderate rain,2022-05-14 14:26:36
543,Avera,US,33.194,-82.5271,68.05,71,0,4.88,clear sky,2022-05-14 14:26:37
544,Hamilton,US,39.1834,-84.5333,77.0,67,40,0.0,scattered clouds,2022-05-14 14:25:34
545,Nemuro,JP,43.3236,145.575,47.77,69,100,20.78,overcast clouds,2022-05-14 14:26:37
546,Davila,PH,18.4726,120.5763,83.35,76,100,4.65,overcast clouds,2022-05-14 14:27:38
547,Zhovkva,UA,50.0583,23.9726,61.92,59,63,15.5,broken clouds,2022-05-14 14:27:38
548,San Jose,US,37.3394,-121.895,59.41,88,20,1.01,few clouds,2022-05-14 14:24:38
549,Rodeo,US,38.033,-122.2669,61.45,88,0,3.44,clear sky,2022-05-14 14:27:39
550,Cap Malheureux,MU,-19.9842,57.6142,74.46,69,5,3.0,clear sky,2022-05-14 14:27:39
551,Mezhdurechensk,RU,53.6942,88.0603,63.36,47,45,2.57,scattered clouds,2022-05-14 14:27:39
552,Manali,IN,13.1667,80.2667,86.07,86,100,12.75,overcast clouds,2022-05-14 14:27:40
553,Hualmay,PE,-11.0964,-77.6139,66.31,79,29,7.11,scattered clouds,2022-05-14 14:27:40
554,Sept-Iles,CA,50.2001,-66.3821,59.52,38,20,10.36,few clouds,2022-05-14 14:27:41
555,Aleksandrovskoye,RU,44.7142,43.0008,73.15,53,47,4.25,scattered clouds,2022-05-14 14:27:41
556,Hot Springs,US,34.5037,-93.0552,74.32,73,40,5.75,scattered clouds,2022-05-14 14:23:36
557,Port Macquarie,AU,-31.4333,152.9167,65.89,90,77,8.48,broken clouds,2022-05-14 14:27:42
558,Grande Prairie,CA,55.1667,-118.8027,41.18,60,20,9.22,few clouds,2022-05-14 14:25:53
559,Kiunga,PG,-6.1219,141.2906,73.8,99,100,1.01,overcast clouds,2022-05-14 14:27:42
560,Teluk Intan,MY,4.0259,101.0213,86.02,90,100,1.1,heavy intensity rain,2022-05-14 14:27:43
561,River Falls,US,44.8614,-92.6238,71.98,69,0,12.97,clear sky,2022-05-14 14:23:58
562,Alta Floresta,BR,-9.8756,-56.0861,89.42,58,0,6.91,clear sky,2022-05-14 14:27:43
563,Teknaf,BD,20.8624,92.3058,83.21,85,33,8.52,scattered clouds,2022-05-14 14:27:44
564,Sar-E Pul,AF,35.8333,66.1667,50.85,86,100,2.44,overcast clouds,2022-05-14 14:27:44
565,Mehran,IR,33.1222,46.1646,97.79,6,0,17.02,clear sky,2022-05-14 14:27:45
566,Bolshevo,RU,55.9349,37.83,61.14,49,90,12.28,overcast clouds,2022-05-14 14:27:45
567,Alamos,MX,27.0167,-108.9333,78.64,15,68,3.13,broken clouds,2022-05-14 14:27:46
568,Nouadhibou,MR,20.931,-17.0347,84.18,48,100,16.11,overcast clouds,2022-05-14 14:27:47
569,Saint-Georges,GD,12.0564,-61.7485,83.88,70,20,23.02,few clouds,2022-05-14 14:27:47
570,Tilichiki,RU,60.4667,166.1,32.99,99,100,1.12,overcast clouds,2022-05-14 14:27:48
571,Saint-Louis,SN,16.3333,-15.0,109.56,8,48,11.21,scattered clouds,2022-05-14 14:27:48
572,Belaya Gora,RU,68.5333,146.4167,20.39,95,100,10.27,light snow,2022-05-14 14:27:49
573,Nuuk,GL,64.1835,-51.7216,27.21,68,75,6.91,light snow,2022-05-14 14:27:49
574,Iseyin,NG,7.9667,3.6,93.34,46,100,4.09,overcast clouds,2022-05-14 14:27:49
575,Coari,BR,-4.085,-63.1414,80.29,92,77,3.47,broken clouds,2022-05-14 14:27:50
576,Mvuma,ZW,-19.2792,30.5283,72.72,21,0,9.44,clear sky,2022-05-14 14:27:50
577,Batemans Bay,AU,-35.7167,150.1833,66.09,85,92,4.54,light rain,2022-05-14 14:27:51
578,Palmerston,AU,-12.486,130.9833,80.58,84,20,2.3,few clouds,2022-05-14 14:27:51
579,Niihama,JP,33.9593,133.3167,61.41,61,42,4.81,scattered clouds,2022-05-14 14:27:52
580,Roma,US,43.2128,-75.4557,75.81,64,20,0.0,few clouds,2022-05-14 14:27:52
581,Sungai Besar,MY,3.6746,100.9867,81.28,84,100,3.71,light rain,2022-05-14 14:27:53
582,Montepuez,MZ,-13.1256,38.9997,76.87,56,20,4.21,few clouds,2022-05-14 14:27:53
583,Neryungri,RU,56.6709,124.6491,23.94,89,97,7.43,overcast clouds,2022-05-14 14:27:53
584,Yamada,JP,39.4667,141.95,49.01,79,34,4.5,scattered clouds,2022-05-14 14:27:54
585,Sandwick,GB,60.0,-1.25,51.62,87,20,10.36,few clouds,2022-05-14 14:27:54
586,Abu Dhabi,AE,24.4667,54.3667,84.31,48,0,13.8,clear sky,2022-05-14 14:26:04
587,Kostomuksha,RU,64.571,30.5767,54.03,61,79,5.68,light rain,2022-05-14 14:27:55
588,Teya,RU,60.3778,92.6267,53.69,82,3,1.95,clear sky,2022-05-14 14:27:55
589,Bokoro,TD,12.3807,17.0568,102.92,19,100,3.78,overcast clouds,2022-05-14 14:27:56
590,Gonbad-E Qabus,IR,37.25,55.1672,76.15,48,0,2.64,clear sky,2022-05-14 14:27:56
591,Nalgonda,IN,17.05,79.2667,99.09,36,15,7.36,few clouds,2022-05-14 14:27:57
592,Ayagoz,KZ,47.9714,80.4392,63.88,60,100,8.28,overcast clouds,2022-05-14 14:28:57
593,Mabaruma,GY,8.2,-59.7833,85.95,59,16,7.54,few clouds,2022-05-14 14:28:57
594,Rawson,AR,-43.3002,-65.1023,50.52,56,0,17.94,clear sky,2022-05-14 14:28:58
595,San Jeronimo,PE,-11.9472,-75.2829,53.82,64,85,1.07,overcast clouds,2022-05-14 14:28:58
596,Oyon,PE,-10.6681,-76.7731,52.32,66,84,2.39,broken clouds,2022-05-14 14:28:59
597,Ahuimanu,US,21.4447,-157.8378,74.91,82,100,11.5,moderate rain,2022-05-14 14:28:59
598,Malyn,UA,50.7723,29.2383,59.79,67,95,13.58,light rain,2022-05-14 14:29:00
599,Hirara,JP,24.8,125.2833,78.19,84,100,12.73,overcast clouds,2022-05-14 14:29:00
600,Shellbrook,CA,53.2168,-106.4011,36.63,96,100,12.35,overcast clouds,2022-05-14 14:29:00
601,Derzhavinsk,KZ,51.1,66.3167,60.39,69,98,17.85,overcast clouds,2022-05-14 14:29:01
602,Devavanya,HU,47.0333,20.9667,70.54,56,95,4.47,overcast clouds,2022-05-14 14:29:01
603,Maumere,ID,-8.6199,122.2111,79.81,81,6,4.32,clear sky,2022-05-14 14:29:02
604,Tautira,PF,-17.7333,-149.15,79.97,66,7,13.76,clear sky,2022-05-14 14:29:02
605,Ambilobe,MG,-13.2,49.05,78.26,65,0,1.14,clear sky,2022-05-14 14:29:03
606,Mazatlan,MX,23.2167,-106.4167,80.02,88,40,1.99,scattered clouds,2022-05-14 14:25:51
607,Riyadh,SA,24.6877,46.7219,93.34,6,0,24.92,clear sky,2022-05-14 14:29:03
608,Guamuchil,MX,25.4667,-108.1,75.06,34,96,1.99,overcast clouds,2022-05-14 14:29:04
609,Dukat,RU,62.55,155.55,26.11,98,97,8.3,overcast clouds,2022-05-14 14:29:04
610,Humaita,BR,-7.5061,-63.0208,83.93,76,69,3.36,broken clouds,2022-05-14 14:29:05
611,Bhan,PK,26.5583,67.7214,106.65,11,0,25.37,clear sky,2022-05-14 14:29:05
612,Khandyga,RU,62.6667,135.6,35.69,97,100,3.96,overcast clouds,2022-05-14 14:29:06
613,Berlin,DE,52.5244,13.4105,70.0,50,0,17.0,clear sky,2022-05-14 14:26:47
614,Bathsheba,BB,13.2167,-59.5167,81.75,69,100,19.62,overcast clouds,2022-05-14 14:29:06
615,Miquelon,PM,47.0975,-56.3814,44.6,96,100,12.59,overcast clouds,2022-05-14 14:29:07
616,Carrickfergus,GB,54.7158,-5.8058,64.36,63,75,8.05,broken clouds,2022-05-14 14:27:26
617,Lensk,RU,60.7253,114.9278,42.12,87,100,2.59,overcast clouds,2022-05-14 14:29:08
618,Mahon,ES,39.8885,4.2658,77.56,38,0,9.22,clear sky,2022-05-14 14:29:08
619,Am Timan,TD,11.0297,20.2827,103.55,20,88,5.75,overcast clouds,2022-05-14 14:29:08
620,Sao Pedro Do Piaui,BR,-5.9294,-42.7186,85.14,58,99,7.05,overcast clouds,2022-05-14 14:29:09
621,Yerbogachen,RU,61.2767,108.0108,53.47,50,97,0.83,overcast clouds,2022-05-14 14:29:09
622,Jawhar,SO,2.7809,45.5005,87.22,55,100,22.08,overcast clouds,2022-05-14 14:29:10
623,Shumskiy,RU,54.8318,99.1328,58.46,34,9,1.68,clear sky,2022-05-14 14:29:10
624,Santo Tomas,PH,14.1079,121.1414,86.25,80,94,1.3,overcast clouds,2022-05-14 14:29:11
625,Balestrand,NO,61.2076,6.5334,51.15,91,100,4.07,overcast clouds,2022-05-14 14:29:11
626,Kongoussi,BF,13.3258,-1.5347,106.25,14,100,3.51,overcast clouds,2022-05-14 14:29:12
627,Ruy Barbosa,BR,-12.2839,-40.4939,83.84,42,100,7.29,overcast clouds,2022-05-14 14:29:12
628,Alcudia,ES,39.8532,3.1214,85.37,51,100,7.74,overcast clouds,2022-05-14 14:29:13
629,Svolvaer,NO,68.2342,14.5683,46.58,90,99,17.78,overcast clouds,2022-05-14 14:29:13
630,Pangai,TO,-19.8,-174.35,75.85,61,100,11.88,overcast clouds,2022-05-14 14:29:14
631,Fraga,ES,41.5229,0.3489,88.92,28,100,14.34,overcast clouds,2022-05-14 14:29:14
632,Boa Vista,BR,2.8197,-60.6733,84.18,70,75,11.5,broken clouds,2022-05-14 14:29:15
633,Pineville,US,31.3224,-92.4343,74.93,81,100,8.05,overcast clouds,2022-05-14 14:27:12
634,High Prairie,CA,55.4334,-116.4858,41.94,82,100,6.55,overcast clouds,2022-05-14 14:29:16
635,Demba,CD,-5.51,22.2667,90.64,33,41,5.55,scattered clouds,2022-05-14 14:29:19
636,Madimba,TZ,-10.4,40.3333,83.52,69,20,11.5,few clouds,2022-05-14 14:29:19
637,Fushan,CN,37.4958,121.2581,54.7,35,100,4.16,overcast clouds,2022-05-14 14:29:20
638,Karlskrona,SE,56.1616,15.5866,59.45,44,73,19.51,broken clouds,2022-05-14 14:30:21
639,Bairiki,KI,1.3292,172.9752,78.8,89,20,3.44,few clouds,2022-05-14 14:30:22
640,Lagoa,PT,39.05,-27.9833,60.3,85,100,26.8,light rain,2022-05-14 14:30:23
641,Tall Kayf,TR,37.0833,41.0667,77.34,23,13,9.71,few clouds,2022-05-14 14:30:23
642,Toro,CO,4.6117,-76.0814,72.28,83,100,2.66,overcast clouds,2022-05-14 14:30:24
643,Casper,US,42.8666,-106.3131,46.72,67,0,3.44,clear sky,2022-05-14 14:30:24
644,Kota Tinggi,MY,1.7381,103.8999,86.29,94,94,2.08,overcast clouds,2022-05-14 14:30:25
645,Lere,NG,10.387,8.5726,96.84,19,100,9.64,overcast clouds,2022-05-14 14:30:25
646,Borda Da Mata,BR,-22.2742,-46.1653,72.77,58,0,4.7,clear sky,2022-05-14 14:30:26
647,Bahia Blanca,AR,-38.7196,-62.2724,56.34,36,0,8.39,clear sky,2022-05-14 14:30:06
648,Fortuna,US,40.5982,-124.1573,55.92,97,100,4.61,overcast clouds,2022-05-14 14:30:26
649,Valley City,US,46.9233,-98.0032,52.32,62,0,26.46,clear sky,2022-05-14 14:30:27
650,Vallenar,CL,-28.5708,-70.7581,71.22,33,0,3.4,clear sky,2022-05-14 14:30:27
651,Minas De Barroteran,MX,27.6333,-101.2833,76.86,68,1,4.12,clear sky,2022-05-14 14:30:27
652,Pokhara,NP,28.2333,83.9833,76.35,60,89,5.75,overcast clouds,2022-05-14 14:26:46
653,Kapoeta,SS,4.7717,33.5903,94.33,28,24,16.8,few clouds,2022-05-14 14:30:28
654,Saint-Michel-Des-Saints,CA,46.6834,-73.9159,78.94,41,88,3.44,overcast clouds,2022-05-14 14:30:28
655,Lavrentiya,RU,65.5833,-171.0,23.11,90,29,4.23,scattered clouds,2022-05-14 14:30:29
656,Marsa Matruh,EG,31.3525,27.2453,70.12,56,0,11.56,clear sky,2022-05-14 14:30:29
657,Mtinko,TZ,-4.55,34.85,68.88,62,100,8.37,overcast clouds,2022-05-14 14:30:30
658,Peniche,PT,39.3558,-9.3811,83.08,77,22,18.88,few clouds,2022-05-14 14:30:30
659,Guanay,BO,-15.4975,-67.8797,78.98,65,88,0.85,overcast clouds,2022-05-14 14:30:31
660,Churapcha,RU,62.0025,132.4325,30.65,94,99,6.02,overcast clouds,2022-05-14 14:30:31
661,Keti Bandar,PK,24.1447,67.4497,84.88,76,0,18.32,clear sky,2022-05-14 14:30:31
662,Wanlaweyn,SO,2.6185,44.8938,84.76,59,58,21.16,broken clouds,2022-05-14 14:30:32
663,Cassilandia,BR,-19.1133,-51.7342,88.0,35,8,7.54,clear sky,2022-05-14 14:30:32
664,Vilsbiburg,DE,48.45,12.35,75.06,36,2,5.88,clear sky,2022-05-14 14:30:33
665,Kalmunai,LK,7.4167,81.8167,81.05,82,100,8.23,overcast clouds,2022-05-14 14:30:33
666,Dhidhdhoo,MV,6.8833,73.1,81.27,78,100,22.86,moderate rain,2022-05-14 14:30:34
667,Mananara,MG,-16.1667,49.7667,72.57,78,4,5.97,clear sky,2022-05-14 14:30:34
668,Buala,SB,-8.145,159.5921,79.48,83,10,0.65,clear sky,2022-05-14 14:30:34
669,Balkanabat,TM,39.5108,54.3671,77.23,29,0,9.66,clear sky,2022-05-14 14:30:35
670,Paramonga,PE,-10.6667,-77.8333,67.14,78,41,7.76,scattered clouds,2022-05-14 14:30:35
671,Brae,GB,60.3964,-1.353,51.22,80,99,13.91,overcast clouds,2022-05-14 14:30:36
672,Biltine,TD,14.5333,20.9167,104.92,10,20,8.99,few clouds,2022-05-14 14:30:36
673,Nador,MA,35.174,-2.9287,78.87,78,75,6.91,broken clouds,2022-05-14 14:30:37
674,Pueblo Nuevo,MX,23.3833,-105.3833,72.55,32,100,1.25,overcast clouds,2022-05-14 14:30:37
675,Alugan,PH,12.2188,125.4808,80.8,85,54,8.7,broken clouds,2022-05-14 14:30:38
676,Vardo,NO,70.3705,31.1107,40.98,81,33,8.05,scattered clouds,2022-05-14 14:30:38
677,Cardston,CA,49.2,-113.3019,43.09,36,49,11.5,scattered clouds,2022-05-14 14:30:38
